{
  "budget_evals": 25000,
  "random_restart": {
    "per_seed_hv": [
      312823.57223874296,
      310738.3193472224,
      313343.4766081596,
      307036.6875332967,
      306347.91961310676,
      311054.73913282924,
      310250.0976399483,
      299830.99321674055,
      312821.5368591165,
      311110.5909781932,
      311203.701156944,
      309034.79484755,
      313109.4244113758,
      313737.99585146294,
      308856.31643538433,
      309933.3455544304,
      311176.4826297825,
      307030.64795835316,
      307874.20952301985,
      310139.1663287727,
      309457.4408988947,
      310546.9564621535,
      311011.87618460384,
      309875.09530690464,
      311218.7149012581,
      314724.37382132054,
      311243.9507784028,
      310994.8608175071,
      310268.02535665856,
      309629.89741533954
    ],
    "stats": {
      "mean": 310214.1736602492,
      "std": 2735.416568073139,
      "median": 310642.63790468796,
      "min": 299830.99321674055,
      "max": 314724.37382132054
    },
    "combined_front_size": 65,
    "combined_front_hv": 317672.7417010215,
    "seeds": [
      1,
      2,
      3,
      4,
      5,
      6,
      7,
      8,
      9,
      10,
      11,
      12,
      13,
      14,
      15,
      16,
      17,
      18,
      19,
      20,
      21,
      22,
      23,
      24,
      25,
      26,
      27,
      28,
      29,
      30
    ]
  },
  "mohho_vs_random_paired_wilcoxon": {
    "statistic": 60.0,
    "p_one_sided": 0.9999235644936562,
    "mohho_median": 299039.0720914664,
    "random_median": 310642.63790468796,
    "mohho_better_count": 10
  },
  "nsga2_archive": {
    "per_seed_hv": [
      294477.30519377417,
      312606.6055329445,
      293811.7806771568,
      286857.6628758966,
      297184.6640955371,
      291070.18273764197,
      299498.0141266195,
      290114.7334295335,
      296337.42978323525,
      299110.9418685349,
      298554.5140022942,
      274891.173249315,
      276172.21191006724,
      297276.1933895591,
      293792.3572377266,
      294051.2486772487,
      286145.9705043085,
      295261.7956824739,
      284216.78178886813,
      296315.1030770864,
      296665.6289850715,
      294486.41584307444,
      297630.88961192884,
      295493.5983057218,
      297917.2905278955,
      294144.7861842069,
      289828.6486689985,
      292220.5107527833,
      295324.27492651815,
      298511.3259369871
    ],
    "stats": {
      "mean": 293665.6679861003,
      "std": 6950.797063758147,
      "median": 294874.1057627742,
      "min": 274891.173249315,
      "max": 312606.6055329445
    },
    "combined_front_size": 155,
    "combined_front_hv": 316188.3337548336,
    "seeds": [
      1,
      2,
      3,
      4,
      5,
      6,
      7,
      8,
      9,
      10,
      11,
      12,
      13,
      14,
      15,
      16,
      17,
      18,
      19,
      20,
      21,
      22,
      23,
      24,
      25,
      26,
      27,
      28,
      29,
      30
    ]
  },
  "mohho_vs_nsga2archive_mannwhitney": {
    "U": 751.0,
    "p_one_sided": 4.441439895415276e-06,
    "A12": 0.8344444444444444
  },
  "hv_reference_sensitivity": {
    "baseline_(10,16,20000)": {
      "mohho": 320983.53264348634,
      "nsga2": 316059.6988217989,
      "random": 317672.7417010215,
      "mohho_gt_nsga2": true,
      "mohho_gt_random": true,
      "mohho_vs_nsga2_pct": 1.5578809446577373
    },
    "tight_f1_(9.5,16,20000)": {
      "mohho": 180983.53264348634,
      "nsga2": 178559.6988217989,
      "random": 179101.31170102154,
      "mohho_gt_nsga2": true,
      "mohho_gt_random": true,
      "mohho_vs_nsga2_pct": 1.3574361055046391
    },
    "loose_f1_(11,16,20000)": {
      "mohho": 600983.5326434864,
      "nsga2": 591059.6988217989,
      "random": 594815.6017010215,
      "mohho_gt_nsga2": true,
      "mohho_gt_random": true,
      "mohho_vs_nsga2_pct": 1.6789900988799233
    },
    "tight_all_(9.5,14,10000)": {
      "mohho": 76259.7824818863,
      "nsga2": 75046.30624374886,
      "random": 75323.2555220816,
      "mohho_gt_nsga2": true,
      "mohho_gt_random": true,
      "mohho_vs_nsga2_pct": 1.616969973440265
    },
    "loose_all_(12,18,30000)": {
      "mohho": 1514171.2828050863,
      "nsga2": 1491787.0913998492,
      "random": 1500617.9728799616,
      "mohho_gt_nsga2": true,
      "mohho_gt_random": true,
      "mohho_vs_nsga2_pct": 1.5004950461283668
    }
  },
  "elapsed_s": 214.97621393203735
}