{
  "budget": 25050,
  "random_restart_hv": 310214.2,
  "fe_fair_mohho_hv": 302756.1,
  "seeds": [
    1,
    2,
    3,
    4,
    5,
    6,
    7,
    8,
    9,
    10,
    11,
    12,
    13,
    14,
    15,
    16,
    17,
    18,
    19,
    20,
    21,
    22,
    23,
    24,
    25,
    26,
    27,
    28,
    29,
    30
  ],
  "native500": {
    "mean_fe": 35598.9,
    "hv_mean": 310422.6285153659,
    "hv_std": 7872.794310463347,
    "vs_random_pct": 0.06719707634795852,
    "beats_random": true,
    "wilcoxon_p_canonical_gt_random": 0.45161323621869087,
    "canonical_better_than_random_count": 18
  },
  "fe_matched": {
    "mean_fe": 25050.333333333332,
    "hv_mean": 309179.82171537785,
    "hv_std": 8163.710362518623,
    "vs_random_pct": -0.3334315555820475,
    "beats_random": false,
    "wilcoxon_p_canonical_gt_random": 0.7420757785439491,
    "canonical_better_than_random_count": 16
  }
}