{
  "pop": 50,
  "gen": 500,
  "archive": 100,
  "seeds": [
    1,
    2,
    3,
    4,
    5,
    6,
    7,
    8,
    9,
    10,
    11,
    12,
    13,
    14,
    15,
    16,
    17,
    18,
    19,
    20,
    21,
    22,
    23,
    24,
    25,
    26,
    27,
    28,
    29,
    30
  ],
  "per_run_hv": [
    319652.7996063208,
    317550.38754383236,
    317737.3320367369,
    314913.8686122021,
    319786.2317552427,
    319517.73796889663,
    319918.670726991,
    315001.5662959017,
    310510.19445781776,
    315917.2783309863,
    314978.68730584014,
    315061.43125465664,
    318237.9484073343,
    316594.1579408961,
    316903.99956234946,
    319029.08929362777,
    316932.7665704955,
    313635.9505494547,
    316597.61585284246,
    319418.0633792451,
    313928.33668205875,
    315456.0432176505,
    318295.033443014,
    317786.2120467844,
    319714.80359405134,
    317938.1246144276,
    312783.6476167632,
    316174.0395962963,
    316494.0539974406,
    317302.68606875563
  ],
  "hv_mean": 316792.2919442971,
  "hv_std": 2258.431973903725,
  "hv_median": 316918.3830664225,
  "combined_front_size": 137,
  "combined_front_hv": 321408.2408790679,
  "vs_mohho_paired_wilcoxon_p": 9.313225746154785e-10,
  "vs_mohho_better_count": 30,
  "vs_permnsga_mannwhitney_p": 0.989659625430011,
  "vs_permnsga_A12": 0.32666666666666666,
  "elapsed_s": 127.26237964630127
}