{
  "seeds": [
    1,
    2,
    3,
    4,
    5,
    6,
    7,
    8,
    9,
    10,
    11,
    12,
    13,
    14,
    15,
    16,
    17,
    18,
    19,
    20,
    21,
    22,
    23,
    24,
    25,
    26,
    27,
    28,
    29,
    30
  ],
  "n_records": 1244,
  "n_combined_nondominated": 131,
  "fifo": {
    "fitness": [
      8.7891,
      13.0,
      1940.0
    ],
    "fairness": {
      "f2_gap": 13.0,
      "wait_std": 3.143969308213077,
      "wait_gini": 0.7943060426035153,
      "jain_inverse_wait": 0.804036826045409,
      "served_countries": 21
    }
  },
  "front_ranges": {
    "f2_gap": {
      "min": 2.0,
      "median": 9.424668227946917,
      "max": 13.0,
      "fifo": 13.0
    },
    "wait_std": {
      "min": 0.7516129321225241,
      "median": 2.5877685641737207,
      "max": 3.1700975030878467,
      "fifo": 3.143969308213077
    },
    "wait_gini": {
      "min": 0.1739987144130255,
      "median": 0.6650704385282111,
      "max": 0.8388153953013262,
      "fifo": 0.7943060426035153
    },
    "jain_inverse_wait": {
      "min": 0.6059046512921172,
      "median": 0.7899101931875657,
      "max": 0.944293192892489,
      "fifo": 0.804036826045409
    },
    "served_countries": {
      "min": 10.0,
      "median": 20.0,
      "max": 21.0,
      "fifo": 21.0
    }
  },
  "best_by_metric": {
    "f2_gap": {
      "fitness": [
        8.9994,
        2.0,
        0.0
      ],
      "fairness": {
        "f2_gap": 2.0,
        "wait_std": 0.7516129321225241,
        "wait_gini": 0.22950728001163512,
        "jain_inverse_wait": 0.9360013119269135,
        "served_countries": 21
      },
      "beats_fifo": true
    },
    "wait_std": {
      "fitness": [
        8.9994,
        2.0,
        0.0
      ],
      "fairness": {
        "f2_gap": 2.0,
        "wait_std": 0.7516129321225241,
        "wait_gini": 0.22950728001163512,
        "jain_inverse_wait": 0.9360013119269135,
        "served_countries": 21
      },
      "beats_fifo": true
    },
    "wait_gini": {
      "fitness": [
        8.9378,
        3.8508977361436374,
        0.0
      ],
      "fairness": {
        "f2_gap": 3.8508977361436374,
        "wait_std": 1.1983411069027403,
        "wait_gini": 0.1739987144130255,
        "jain_inverse_wait": 0.8370621357407572,
        "served_countries": 10
      },
      "beats_fifo": true
    },
    "jain_inverse_wait": {
      "fitness": [
        8.9767,
        2.7142857142857144,
        0.0
      ],
      "fairness": {
        "f2_gap": 2.7142857142857144,
        "wait_std": 0.8712036305958093,
        "wait_gini": 0.20290486723938606,
        "jain_inverse_wait": 0.944293192892489,
        "served_countries": 19
      },
      "beats_fifo": true
    },
    "served_countries": {
      "fitness": [
        8.7884,
        13.0,
        680.0
      ],
      "fairness": {
        "f2_gap": 13.0,
        "wait_std": 3.1421653343498375,
        "wait_gini": 0.8151503344207447,
        "jain_inverse_wait": 0.8194386253567506,
        "served_countries": 21
      },
      "beats_fifo": true
    }
  }
}