{
  "budget": {
    "pop": 50,
    "gen": 500,
    "evals": 25000,
    "seeds": [
      1,
      2,
      3,
      4,
      5,
      6,
      7,
      8,
      9,
      10,
      11,
      12,
      13,
      14,
      15,
      16,
      17,
      18,
      19,
      20,
      21,
      22,
      23,
      24,
      25,
      26,
      27,
      28,
      29,
      30
    ]
  },
  "competent_cfg": {
    "pm": 0.15,
    "use_sbx": true
  },
  "methods": {
    "nsga2_realcoded": {
      "tier": "random_key",
      "hv_per_seed": [
        294218.8266447651,
        312307.1761075943,
        293706.8531119958,
        286379.8893041057,
        297129.21151139966,
        291039.00774602545,
        299229.58375505253,
        289737.0333225779,
        295438.1409680735,
        298858.4895121393,
        298423.6648784804,
        274859.38797504414,
        275761.5830826586,
        297001.4163258518,
        293330.8827494624,
        293903.86295428924,
        284689.179174304,
        295046.72747656,
        283862.7755877449,
        296304.18164838885,
        296487.6900136591,
        294101.76876153913,
        297266.52739371854,
        295129.1597043976,
        297440.20976352127,
        294144.7861842069,
        289819.51930790173,
        291773.11585125857,
        295207.20624191634,
        298415.1259774648
      ],
      "hv_mean": 293367.1,
      "hv_std": 6996.1,
      "cv_pct": 2.385,
      "combined_front_hv": 316059.7,
      "combined_front_size": 92
    },
    "naive_mohho": {
      "tier": "random_key",
      "hv_per_seed": [
        297177.54894451273,
        312604.2493547292,
        296563.8242771536,
        297710.7980061675,
        315759.45650399564,
        296222.6944401076,
        296938.58118985425,
        304042.5062710922,
        299457.5801546826,
        313436.80992114684,
        299068.2112251425,
        311254.6211578472,
        308492.1758860164,
        294530.6847178953,
        309842.93085413275,
        300703.9019056392,
        298111.98450349126,
        298943.22509678156,
        314020.6996622759,
        314453.7705150725,
        296362.89617658744,
        295523.34097241005,
        295054.86393480055,
        298237.4706135962,
        311296.2792846757,
        302974.72008697706,
        311939.78618253156,
        299009.9329577902,
        296963.52326473634,
        295983.61366150633
      ],
      "hv_mean": 302756.1,
      "hv_std": 7137.9,
      "cv_pct": 2.358,
      "combined_front_hv": 320983.5,
      "combined_front_size": 104
    },
    "competent_mohho": {
      "tier": "random_key",
      "hv_per_seed": [
        303019.69641243207,
        319789.894787934,
        320424.2109470947,
        319550.0553872001,
        319838.7469729405,
        307508.9564593491,
        299436.2031719449,
        319631.56879624334,
        299478.3507309862,
        319517.515806287,
        320548.1968485461,
        319975.6296818438,
        307535.2831513717,
        320180.4500866355,
        320066.72026211163,
        310040.27304503584,
        318107.7887836276,
        319546.629008863,
        319843.06980557216,
        319819.0313221088,
        320278.3569607254,
        319957.27306652244,
        320424.41482744506,
        320783.16718176333,
        319516.4098252095,
        306211.7519365136,
        319034.52256559225,
        319940.3755601735,
        320416.4984822966,
        319991.967706109
      ],
      "hv_mean": 316347.1,
      "hv_std": 6683.2,
      "cv_pct": 2.113,
      "combined_front_hv": 321799.8,
      "combined_front_size": 207
    },
    "random_restart": {
      "tier": "random_key",
      "hv_per_seed": [
        312823.57223874296,
        310738.3193472224,
        313343.4766081596,
        307036.6875332967,
        306347.91961310676,
        311054.73913282924,
        310250.0976399483,
        299830.99321674055,
        312821.5368591165,
        311110.5909781932,
        311203.701156944,
        309034.79484755,
        313109.4244113758,
        313737.99585146294,
        308856.31643538433,
        309933.3455544304,
        311176.4826297825,
        307030.64795835316,
        307874.20952301985,
        310139.1663287727,
        309457.4408988947,
        310546.9564621535,
        311011.87618460384,
        309875.09530690464,
        311218.7149012581,
        314724.37382132054,
        311243.9507784028,
        310994.8608175071,
        310268.02535665856,
        309629.89741533954
      ],
      "hv_mean": 310214.2,
      "hv_std": 2735.4,
      "cv_pct": 0.882,
      "combined_front_hv": 317672.7,
      "combined_front_size": 65
    },
    "perm_nsga2": {
      "tier": "permutation",
      "hv_per_seed": [
        316773.6823272658,
        320055.4789184673,
        318480.6197190483,
        317447.9590795633,
        317679.0315791902,
        317241.5083587841,
        320653.50008116406,
        321146.593057338,
        320896.6710898866,
        318198.11058282794,
        315829.2550900251,
        320066.10065139196,
        316944.77699774515,
        316228.12003112107,
        315467.872059121,
        316375.7243247026,
        320429.77918347623,
        318539.39036816783,
        318785.62266085896,
        314276.9993518962,
        315443.2376024313,
        320439.7472026966,
        317308.1043706184,
        317985.7623431948,
        320516.9136678937,
        319072.09647646267,
        320179.7606363471,
        317412.24114497047,
        318395.85451877996,
        316269.32906521164
      ],
      "hv_mean": 318151.3,
      "hv_std": 1855.5,
      "cv_pct": 0.583,
      "combined_front_hv": 321935.3,
      "combined_front_size": 148
    },
    "perm_moead": {
      "tier": "permutation",
      "hv_per_seed": [
        315347.14946931927,
        310095.3583531839,
        318939.054813504,
        311396.4785697032,
        316598.0122949947,
        313401.7196669233,
        311469.5111704661,
        316957.08132823824,
        318183.59378466767,
        317687.3754165995,
        312054.3365736465,
        317618.0015743692,
        318415.7848302736,
        316007.9114787192,
        319398.5910845229,
        317709.27090336033,
        319181.9017396394,
        317544.0102948198,
        317917.9924702873,
        298289.9375222119,
        317626.2796264024,
        315720.8545588567,
        314485.3293173684,
        317322.36962159467,
        307334.5202830487,
        318618.172040493,
        297449.69703979726,
        317482.5910516334,
        317677.82877332607,
        317456.3787679051
      ],
      "hv_mean": 314846.2,
      "hv_std": 5384.0,
      "cv_pct": 1.71,
      "combined_front_hv": 320969.0,
      "combined_front_size": 90
    },
    "discrete_mohho": {
      "tier": "permutation",
      "hv_per_seed": [
        319652.7996063208,
        317550.38754383236,
        317737.3320367369,
        314913.8686122021,
        319786.2317552427,
        319517.73796889663,
        319918.670726991,
        315001.5662959017,
        310510.19445781776,
        315917.2783309863,
        314978.68730584014,
        315061.43125465664,
        318237.9484073343,
        316594.1579408961,
        316903.99956234946,
        319029.08929362777,
        316932.7665704955,
        313635.9505494547,
        316597.61585284246,
        319418.0633792451,
        313928.33668205875,
        315456.0432176505,
        318295.033443014,
        317786.2120467844,
        319714.80359405134,
        317938.1246144276,
        312783.6476167632,
        316174.0395962963,
        316494.0539974406,
        317302.68606875563
      ],
      "hv_mean": 316792.3,
      "hv_std": 2258.4,
      "cv_pct": 0.713,
      "combined_front_hv": 321408.2,
      "combined_front_size": 137
    }
  },
  "paired_vs_random": {
    "nsga2_realcoded": {
      "mean_minus_random_pct": -5.43,
      "p_greater_than_random": 0.9999999990686774,