{
  "mo-TSP": {
    "desc": "tri-objective TSP, 100 cities, 3 cost matrices",
    "methods": {
      "NSGA-II (real-coded)": {
        "encoding": "random key",
        "paradigm": "GA",
        "per_run_hv": [
          0.4089009319028348,
          0.3975549091373138,
          0.3793799208078511,
          0.3941631028956558,
          0.4033302059990653,
          0.39687880932431835,
          0.39998621901506515,
          0.39857209746274425,
          0.3977304226157415,
          0.3930659683688896,
          0.4007982214980333,
          0.3825180102720054,
          0.3872300339817615,
          0.3802036954883649,
          0.4136926063874058,
          0.41515982415760766,
          0.3952553566883431,
          0.3920902118041225,
          0.3841414060762317,
          0.39328545175385604,
          0.41530661526171686,
          0.4089798094705534,
          0.3957873186982209,
          0.4002588755357883,
          0.3909741207258022,
          0.39328258471242233,
          0.3871496583617206,
          0.3983069791500736,
          0.3824312501694313,
          0.3767838848680105
        ],
        "hv_mean": 0.3954399500863649,
        "hv_std": 0.010217485682876835,
        "cv": 0.02583827375217227,
        "combined_hv": 0.4428643018418258,
        "combined_sols": 209
      },
      "Random restart": {
        "encoding": "random key",
        "paradigm": "---",
        "per_run_hv": [
          0.2980162916654978,
          0.2945930256841136,
          0.29574743601527936,
          0.2955316650142832,
          0.29624943717613345,
          0.29587873607371845,
          0.29931551363799974,
          0.30014298388195504,
          0.2954009314066465,
          0.29208981251944494,
          0.298103160331434,
          0.2971283302038639,
          0.2920612333214766,
          0.2988782081301899,
          0.2920934005046637,
          0.2950208182590581,
          0.29597098903917723,
          0.2924435770986762,
          0.29399443433009564,
          0.2997690073023961,
          0.29179712060971985,
          0.30257752592283577,
          0.29641368347825353,
          0.2958135835970427,
          0.2952546281637388,
          0.29495868797335967,
          0.29919971136488094,
          0.2908905705800638,
          0.30047305333897406,
          0.2946753302152134
        ],
        "hv_mean": 0.2960160962280062,
        "hv_std": 0.002873298257158108,
        "cv": 0.009706560872098495,
        "combined_hv": 0.31187015745354196,
        "combined_sols": 98
      },
      "MOHHO (real-coded)": {
        "encoding": "random key",
        "paradigm": "swarm",
        "per_run_hv": [
          0.3177445932073093,
          0.3115025329728974,
          0.3418516032754159,
          0.33234047522023535,
          0.3088174103656963,
          0.3258194313037068,
          0.3434336150655144,
          0.3387959405171722,
          0.33718471847031095,
          0.3314680809406934,
          0.32735472625981643,
          0.33645130967299375,
          0.3318648420969133,
          0.32096508399232426,
          0.32621175827633536,
          0.3289789878426882,
          0.33263839628281805,
          0.3277096182614262,
          0.3406717251302761,
          0.3327821920285487,
          0.31460475025984563,
          0.33783272034825174,
          0.3215206297820068,
          0.3189706228218475,
          0.33356387032162405,
          0.3221315969106799,
          0.3383123577442302,
          0.3218923687811799,
          0.32678419789018387,
          0.3292748034470755
        ],
        "hv_mean": 0.328649165316334,
        "hv_std": 0.008862851904591853,
        "cv": 0.026967516853606217,
        "combined_hv": 0.35620439440323354,
        "combined_sols": 310
      },
      "Discrete-MOHHO": {
        "encoding": "permutation",
        "paradigm": "swarm",
        "per_run_hv": [
          0.3701437716748016,
          0.35109240116558693,
          0.3667124285304553,
          0.3502769187120759,
          0.35680229218148285,
          0.37538775152209264,
          0.3521240410177924,
          0.3599979127173323,
          0.3526333413227823,
          0.3631096999928277,
          0.3609383737195087,
          0.3558396812733069,
          0.3689633413929865,
          0.3623953060134595,
          0.3590399646891092,
          0.3619577833300459,
          0.3599064930151294,
          0.3579711628226051,
          0.36030695741090496,
          0.3571350399300405,
          0.3588788978150239,
          0.3681029135577457,
          0.360493141724854,
          0.3673490021385666,
          0.3630946424103415,
          0.36324832927148354,
          0.37212240484496906,
          0.3473727760354475,
          0.36012371374257607,
          0.3630263508813727
        ],
        "hv_mean": 0.3608848944952236,
        "hv_std": 0.006454039526304712,
        "cv": 0.017883928157569732,
        "combined_hv": 0.39290238198176086,
        "combined_sols": 247
      },
      "perm-MOEA/D": {
        "encoding": "permutation",
        "paradigm": "decomp.",
        "per_run_hv": [
          0.4818112984582682,
          0.4697656001262678,
          0.47133207104635216,
          0.47589285888850896,
          0.47049479804722527,
          0.47439248787139743,
          0.45614981265534926,
          0.4789432963048177,
          0.45336043651133634,
          0.4793510101113896,
          0.46547719998133524,
          0.4770174498399662,
          0.47904393541900314,
          0.47174005249280737,
          0.47141276588498243,
          0.46124548930971143,
          0.46198743976066187,
          0.47114706373620974,
          0.4753860882907724,
          0.4636899269497834,
          0.465755251621141,
          0.4925301373667177,
          0.490351721144445,
          0.4719786201952675,
          0.47228355365867786,
          0.4607368807890232,
          0.4728824215136132,
          0.47206274348894517,
          0.47901410881525097,
          0.47900367833510227
        ],
        "hv_mean": 0.4722080066204776,
        "hv_std": 0.008684481920777705,
        "cv": 0.018391221239409405,
        "combined_hv": 0.5149548491952857,
        "combined_sols": 219
      },
      "perm-NSGA-II": {
        "encoding": "permutation",
        "paradigm": "GA",
        "per_run_hv": [
          0.43135290211784216,
          0.4251153931014133,
          0.4226412475831073,
          0.4253256478181611,
          0.43592933611490703,
          0.41530965448036283,
          0.4482761506274753,
          0.4239984087981921,
          0.4379196636472502,
          0.41864753664771925,
          0.43938309855642915,
          0.4306289849309536,
          0.443645803925992,
          0.42870483218130057,
          0.419406347147415,
          0.4328050167723646,
          0.4040627931876076,
          0.4182346911279799,
          0.42754662315776293,
          0.4184610594628094,
          0.42549299952575614,
          0.41917121388220935,
          0.40620046214818917,
          0.42370984634585934,
          0.4368126228781375,
          0.4368941626614075,
          0.4374204986846319,
          0.43590256635032554,
          0.4179407664337392,
          0.43647182725587663
        ],
        "hv_mean": 0.4274470719184393,
        "hv_std": 0.010295996267586873,
        "cv": 0.024087183990703392,
        "combined_hv": 0.46510385272949106,
        "combined_sols": 157
      }
    },
    "avg_rank": {
      "NSGA-II (real-coded)": 3.0,
      "Random restart": 6.0,
      "MOHHO (real-coded)": 5.0,
      "Discrete-MOHHO": 4.0,
      "perm-MOEA/D": 1.0,
      "perm-NSGA-II": 2.0
    },
    "friedman_chi2": 150.0000000000001,
    "friedman_p": 1.3351378873002455e-30,
    "nemenyi_CD": 1.3766807908879968,
    "perm_tier_beats_random_key_tier": false,
    "nsga_realcoded_worst": false
  },