{
  "protocol": {
    "pop": 50,
    "gen": 500,
    "runs": 30,
    "encoding": "SPV (R^105) + greedy decoder (identico a MOHHO)",
    "operators": "SBX (eta=20) + mutacion polinomial (eta=20), pc=0.9, pm=1/d",
    "hv_ref_point": [
      10.0,
      16.0,
      20000.0
    ]
  },
  "mohho": {
    "hv_mean": 302756.0893907783,
    "hv_std": 7137.872751123842,
    "combined_front_size": 104,
    "combined_front_hv": 320983.53264348634,
    "igd": 0.02116304167034433,
    "spacing": 0.010629738413954678
  },
  "nsga2": {
    "hv_mean": 293367.0994345366,
    "hv_std": 6996.124596619283,
    "hv_min": 274859.38797504414,
    "hv_max": 312307.1761075943,
    "per_run_hv": [
      294218.8266447651,
      312307.1761075943,
      293706.8531119958,
      286379.8893041057,
      297129.21151139966,
      291039.00774602545,
      299229.58375505253,
      289737.0333225779,
      295438.1409680735,
      298858.4895121393,
      298423.6648784804,
      274859.38797504414,
      275761.5830826586,
      297001.4163258518,
      293330.8827494624,
      293903.86295428924,
      284689.179174304,
      295046.72747656,
      283862.7755877449,
      296304.18164838885,
      296487.6900136591,
      294101.76876153913,
      297266.52739371854,
      295129.1597043976,
      297440.20976352127,
      294144.7861842069,
      289819.51930790173,
      291773.11585125857,
      295207.20624191634,
      298415.1259774648
    ],
    "combined_front_size": 92,
    "combined_front_hv": 316059.6988217989,
    "igd": 0.00714834624818486,
    "spacing": 0.0462832006826156,
    "extremes": {
      "best_f1": [
        8.7884,
        13.0,
        680.0
      ],
      "best_f2": [
        9.006289,
        2.25,
        0.0
      ],
      "best_f3": [
        8.894489,
        4.965847,
        0.0
      ]
    }
  },
  "mohho_extremes": {
    "best_f1": [
      8.7884,
      13.0,
      680.0
    ],
    "best_f2": [
      8.9994,
      2.0,
      0.0
    ],
    "best_f3": [
      8.788833,
      13.0,
      0.0
    ]
  },
  "reference_front_size": 126,
  "fifo": [
    8.7891,
    13.0,
    1940.0
  ]
}