{"front": [[8.894489, 4.965847, 0.0], [8.944389, 3.339806, 0.0], [8.851, 8.058548, 0.0], [8.803478, 11.891491, 0.0], [8.946456, 3.105386, 0.0], [8.865667, 7.043716, 0.0], [8.8442, 8.738095, 0.0], [8.901122, 4.651409, 0.0], [8.794833, 12.469165, 580.0], [8.8265, 9.971116, 0.0], [8.811, 11.181109, 6080.0], [8.7884, 13.0, 680.0], [8.8255, 10.04918, 0.0], [8.794, 12.508197, 680.0], [8.8037, 11.813427, 0.0], [8.814, 10.946916, 0.0], [8.8337, 9.471507, 0.0], [8.869833, 6.848556, 0.0], [8.844278, 8.604996, 0.0], [8.876367, 6.501327, 0.0], [8.824, 10.166276, 0.0], [8.882411, 6.286495, 0.0], [8.894733, 4.846569, 0.0], [8.8365, 9.190476, 0.0], [8.8235, 10.205308, 3580.0], [8.834278, 9.385636, 0.0], [8.797911, 12.477291, 0.0], [8.841, 8.839188, 0.0], [8.872933, 6.548364, 0.0], [8.9036, 4.553734, 0.0], [8.891211, 5.162276, 0.0], [8.818, 10.63466, 0.0], [8.938633, 3.79235, 0.0], [8.792033, 12.750195, 1300.0], [8.929056, 4.035519, 0.0], [8.846, 8.448868, 0.0], [8.843478, 8.768931, 0.0], [8.886233, 5.814364, 0.0], [8.8285, 9.814988, 0.0], [8.890289, 5.236889, 0.0], [8.888711, 5.297204, 0.0], [8.853167, 8.019516, 0.0], [8.947233, 3.0, 0.0], [8.942678, 3.438312, 0.0], [8.788622, 13.0, 280.0], [8.801656, 12.336776, 0.0], [9.003756, 2.4375, 0.0], [8.802944, 12.117877, 0.0], [8.896711, 4.829235, 0.0], [8.941567, 3.474026, 0.0], [8.797944, 12.352069, 280.0], [8.799922, 12.281811, 100.0], [8.800944, 12.274005, 80.0], [8.918222, 4.375878, 0.0], [8.809, 11.337237, 0.0], [8.813167, 11.142077, 0.0], [8.858, 7.5121, 0.0], [8.856278, 7.668228, 0.0], [8.865167, 7.082748, 0.0], [8.832667, 9.619828, 0.0], [8.8585, 7.473068, 0.0], [8.789011, 13.0, 180.0], [8.826, 10.010148, 3080.0], [8.8615, 7.238876, 0.0], [8.789789, 13.0, 0.0], [8.798467, 12.379064, 0.0], [8.7912, 12.789227, 1400.0], [8.849, 8.214676, 0.0], [8.941467, 3.655738, 0.0], [8.910844, 4.456249, 0.0], [8.831, 9.619828, 2080.0], [8.879911, 6.481655, 0.0], [9.006289, 2.25, 0.0], [8.918344, 4.110851, 0.0], [8.797922, 12.437939, 500.0], [8.819, 10.556596, 0.0], [8.802211, 12.141616, 0.0], [8.882789, 5.822369, 0.0], [8.8105, 11.220141, 0.0], [8.882667, 5.962884, 0.0], [8.798167, 12.313037, 180.0], [8.881678, 6.32178, 0.0], [8.8215, 10.361436, 0.0], [8.948789, 2.859768, 0.0], [8.840667, 8.995316, 0.0], [8.830978, 9.744731, 0.0], [8.8065, 11.532397, 0.0], [8.869, 6.939891, 0.0], [8.834, 9.385636, 1480.0], [8.854, 7.824356, 0.0], [8.829278, 9.775956, 0.0], [8.817389, 10.790788, 0.0]], "size": 92}