{
  "pop": 50,
  "gen": 500,
  "runs": 30,
  "operators": "order crossover (OX) + swap mutation on permutations",
  "per_run_hv": [
    316773.6823272658,
    320055.4789184673,
    318480.6197190483,
    317447.9590795633,
    317679.0315791902,
    317241.5083587841,
    320653.50008116406,
    321146.593057338,
    320896.6710898866,
    318198.11058282794,
    315829.2550900251,
    320066.10065139196,
    316944.77699774515,
    316228.12003112107,
    315467.872059121,
    316375.7243247026,
    320429.77918347623,
    318539.39036816783,
    318785.62266085896,
    314276.9993518962,
    315443.2376024313,
    320439.7472026966,
    317308.1043706184,
    317985.7623431948,
    320516.9136678937,
    319072.09647646267,
    320179.7606363471,
    317412.24114497047,
    318395.85451877996,
    316269.32906521164
  ],
  "hv_mean": 318151.3280846883,
  "hv_std": 1855.495401756466,
  "combined_front_size": 148,
  "combined_front_hv": 321935.27431078785,
  "mohho_vs_permnsga_U": 156.0,
  "mohho_vs_permnsga_p": 0.9999933166199841,
  "mohho_vs_permnsga_A12": 0.17333333333333334,
  "elapsed_s": 114.8449399471283
}