{
  "pop": 50,
  "gen": 500,
  "archive": 100,
  "runs": 30,
  "operators": "SPEA2 strength fitness + OX + swap mutation on permutations",
  "per_run_hv": [
    317509.94629382284,
    318212.1851458136,
    317811.6058842847,
    318136.82097247057,
    320719.9415990154,
    315527.29221566,
    319518.311258756,
    316195.69400905597,
    320919.4520012391,
    313306.45698030846,
    321157.57197953813,
    313828.6374272753,
    315873.58949987637,
    300767.4616343218,
    318411.01163370657,
    315354.2859906141,
    320778.0148336972,
    318479.34070066374,
    320916.5731305536,
    318875.0881356871,
    317837.708269948,
    315556.00218471367,
    316437.18857396505,
    319035.41737558594,
    317797.9690532754,
    320990.3721452179,
    319799.6933604893,
    313464.1259272487,
    315606.1646092704,
    315236.97132532
  ],
  "hv_mean": 317135.3631383798,
  "hv_std": 3814.2393449558376,
  "cv_pct": 1.2027165016256862,
  "combined_front_size": 179,
  "combined_front_hv": 322037.4926826981,
  "vs_random_p": 4.445495661649468e-10,
  "vs_perm_nsga_p_two_sided": 0.47334655725844954,
  "vs_perm_nsga_A12": 0.44555555555555554,
  "elapsed_s": 165.77731609344482
}