{
  "n_weights": 45,
  "neighborhood": 10,
  "runs": 30,
  "operators": "Tchebycheff decomposition + OX + swap (permutation)",
  "per_run_hv": [
    315347.14946931927,
    310095.3583531839,
    318939.054813504,
    311396.4785697032,
    316598.0122949947,
    313401.7196669233,
    311469.5111704661,
    316957.08132823824,
    318183.59378466767,
    317687.3754165995,
    312054.3365736465,
    317618.0015743692,
    318415.7848302736,
    316007.9114787192,
    319398.5910845229,
    317709.27090336033,
    319181.9017396394,
    317544.0102948198,
    317917.9924702873,
    298289.9375222119,
    317626.2796264024,
    315720.8545588567,
    314485.3293173684,
    317322.36962159467,
    307334.5202830487,
    318618.172040493,
    297449.69703979726,
    317482.5910516334,
    317677.82877332607,
    317456.3787679051
  ],
  "hv_mean": 314846.2364806625,
  "hv_std": 5384.045498341481,
  "combined_front_size": 90,
  "combined_front_hv": 320968.9626451785,
  "vs_random_p": 5.138666294457232e-07,
  "vs_discrete_mohho_mean_gap_pct": -0.565468515864236,
  "vs_permnsga_mean_gap_pct": -1.0388426237045358,
  "elapsed_s": 118.80110168457031
}