{
  "sweep": [
    {
      "alpha": 1.0,
      "demand": 868098,
      "ratio": 6.2007,
      "f1_range": 0.34512300000000007,
      "f2_range": 9.620799,
      "mohho_hv": 1793620.8611058146,
      "random_hv": 1778323.303469893,
      "nsga2_hv": 1644068.5319495983,
      "degenerate_hv": false,
      "swarm_gap_pct": 0.8602236503380841,
      "mohho_vs_nsga2_pct": 9.096477807945844,
      "p_mohho_vs_random": 0.01881765689365712,
      "p_mohho_vs_nsga2": 9.133589555477501e-05,
      "fifo_dominated": true,
      "front_size": 221
    },
    {
      "alpha": 0.5,
      "demand": 434050,
      "ratio": 3.100357142857143,
      "f1_range": 0.36038000000000014,
      "f2_range": 4.173792,
      "mohho_hv": 1087281.9509159466,
      "random_hv": 1088444.1873978903,
      "nsga2_hv": 1074009.8920723225,
      "degenerate_hv": false,
      "swarm_gap_pct": -0.10677961216570563,
      "mohho_vs_nsga2_pct": 1.235748287012086,
      "p_mohho_vs_random": 0.9985863639544416,
      "p_mohho_vs_nsga2": 0.00016491926038899674,
      "fifo_dominated": true,
      "front_size": 240
    },
    {
      "alpha": 0.3,
      "demand": 260430,
      "ratio": 1.8602142857142858,
      "f1_range": 0.3159890000000001,
      "f2_range": 2.984114,
      "mohho_hv": 158719.3738521922,
      "random_hv": 159171.6709112803,
      "nsga2_hv": 157242.17190840404,
      "degenerate_hv": false,
      "swarm_gap_pct": -0.2841567576055694,
      "mohho_vs_nsga2_pct": 0.9394438691985546,
      "p_mohho_vs_random": 0.9913712719584401,
      "p_mohho_vs_nsga2": 0.0014136360455584039,
      "fifo_dominated": true,
      "front_size": 190
    },
    {
      "alpha": 0.2,
      "demand": 173618,
      "ratio": 1.2401285714285715,
      "f1_range": 0.3779850000000007,
      "f2_range": 2.4095630000000003,
      "mohho_hv": 0.0,
      "random_hv": 0.0,
      "nsga2_hv": 0.0,
      "degenerate_hv": true,
      "swarm_gap_pct": null,
      "mohho_vs_nsga2_pct": null,
      "p_mohho_vs_random": 1.0,
      "p_mohho_vs_nsga2": 1.0,
      "fifo_dominated": false,
      "front_size": 16
    }
  ],
  "seeds": 10,
  "elapsed_s": 471.86705470085144
}