{"run": 5, "seed": 6, "num_pareto": 59, "hv_final": 296222.6944401076, "pareto_front": [[8.95861111111111, 3.8743169398907105, 0.0], [8.788955555555555, 13.0, 0.0], [8.962466666666666, 3.25, 0.0], [8.864455555555555, 7.668227946916471, 0.0], [8.866455555555556, 7.512099921935987, 0.0], [8.964133333333333, 3.1243169398907105, 0.0], [8.806333333333333, 12.656518345042935, 0.0], [8.898955555555556, 4.965846994535519, 0.0], [8.937911111111111, 4.591725214676035, 0.0], [8.890177777777778, 6.647150663544106, 0.0], [8.862288888888889, 7.707259953161593, 0.0], [8.868688888888888, 7.2076502732240435, 0.0], [8.859577777777778, 7.863387978142076, 0.0], [8.867077777777778, 7.277907884465262, 0.0], [8.844522222222222, 8.995316159250585, 0.0], [8.852022222222223, 8.40983606557377, 0.0], [8.851955555555556, 8.644028103044496, 0.0], [8.849522222222221, 8.80015612802498, 0.0], [8.953111111111111, 3.9517954722872757, 0.0], [8.936444444444444, 4.9510148321623735, 0.0], [8.895344444444444, 5.161787665886027, 0.0], [8.89328888888889, 5.911787665886027, 0.0], [8.893788888888889, 5.872755659640905, 0.0], [8.883788888888889, 6.653395784543325, 0.0], [8.883288888888888, 6.692427790788447, 0.0], [8.84778888888889, 8.8391881342701, 0.0], [8.94641111111111, 4.0, 0.0], [8.945411111111111, 4.091334894613583, 0.0], [8.942722222222223, 4.34192037470726, 0.0], [8.9443, 4.325526932084309, 0.0], [8.891288888888889, 6.067915690866511, 0.0], [8.867577777777777, 7.23887587822014, 0.0], [8.832077777777778, 10.010148321623731, 0.0], [8.830077777777777, 10.166276346604215, 0.0], [8.839577777777778, 9.424668227946917, 0.0], [8.842577777777779, 9.346604215456674, 0.0], [8.837022222222222, 9.580796252927401, 0.0], [8.87368888888889, 6.848555815768931, 0.0], [8.822022222222222, 10.75175644028103, 0.0], [8.82618888888889, 10.556596409055425, 0.0], [8.869522222222223, 7.043715846994536, 0.0], [8.870355555555555, 7.004683840749414, 0.0], [8.874522222222222, 6.82279469164715, 0.0], [8.854522222222222, 8.214676034348166, 0.0], [8.855355555555555, 8.175644028103045, 0.0], [8.835355555555555, 9.736924277907885, 0.0], [8.822855555555556, 10.71272443403591, 0.0], [8.834277777777778, 9.900858704137393, 0.0], [8.814522222222223, 11.337236533957846, 0.0], [8.810944444444445, 11.696330991412959, 0.0], [8.804833333333333, 12.47697111631538, 1020.0], [8.818444444444445, 11.110850897736144, 0.0], [8.815355555555556, 11.298204527712725, 0.0], [8.857022222222222, 8.019516003122561, 0.0], [8.850077777777777, 8.76112412177986, 0.0], [8.812888888888889, 11.501170960187354, 0.0], [8.820388888888889, 10.91569086651054, 0.0], [8.830355555555556, 10.127244340359095, 0.0], [8.939055555555555, 4.586260733801717, 0.0]]}