{"run": 17, "seed": 18, "num_pareto": 54, "hv_final": 298943.22509678156, "pareto_front": [[8.95861111111111, 3.8743169398907105, 0.0], [8.788955555555555, 13.0, 0.0], [8.92661111111111, 4.85632183908046, 0.0], [8.857422222222223, 9.229508196721312, 6200.0], [8.861588888888889, 9.545300592718036, 0.0], [8.7884, 13.0, 680.0], [8.838255555555556, 10.595628415300547, 6000.0], [8.889777777777777, 7.9336455893832944, 0.0], [8.9239, 6.217310694769711, 0.0], [8.885255555555556, 6.939890710382514, 5380.0], [8.9335, 4.591725214676035, 0.0], [8.875755555555555, 7.668227946916471, 7280.0], [8.889733333333334, 6.744730679156909, 4780.0], [8.838755555555556, 10.556596409055425, 14680.0], [8.826255555555555, 11.53239656518345, 0.0], [8.989022222222221, 2.8153786104605776, 0.0], [8.900077777777778, 7.129586260733801, 0.0], [8.840422222222223, 10.478532396565184, 14480.0], [8.913344444444444, 6.666666666666667, 0.0], [8.883255555555555, 7.082747853239656, 5780.0], [8.886922222222223, 6.900858704137392, 5180.0], [8.892422222222223, 6.900858704137392, 2800.0], [8.951866666666668, 4.580015612802498, 0.0], [8.873755555555556, 7.8243559718969555, 7680.0], [8.900755555555556, 6.705698672911788, 3080.0], [8.818233333333334, 12.039812646370024, 18480.0], [8.835733333333334, 10.673692427790789, 14980.0], [8.869488888888888, 9.29976580796253, 0.0], [8.923233333333334, 5.794691647150664, 2480.0], [8.846922222222222, 9.97111631537861, 0.0], [8.815422222222223, 12.430132708821233, 3800.0], [8.833233333333334, 10.868852459016393, 15480.0], [8.8468, 11.475409836065573, 0.0], [8.877277777777778, 8.90944574551132, 0.0], [8.919677777777778, 6.314890710382514, 0.0], [8.823233333333333, 11.805620608899297, 17880.0], [8.84051111111111, 11.251366120218579, 280.0], [8.965322222222222, 3.563934426229508, 0.0], [8.876422222222223, 8.958029197080291, 0.0], [8.897733333333333, 7.348165495706479, 0.0], [8.823755555555556, 12.039812646370024, 2800.0], [8.830733333333333, 11.454332552693208, 16980.0], [8.8224, 11.844652615144419, 17980.0], [8.8524, 9.112412177985949, 10980.0], [8.976577777777777, 3.040983606557377, 0.0], [8.923566666666666, 6.091334894613583, 2460.0], [8.923966666666667, 6.120567375886525, 0.0], [8.918066666666666, 6.520686963309914, 4340.0], [8.881066666666667, 7.434035909445745, 6680.0], [8.893233333333333, 6.705698672911788, 3480.0], [8.858233333333333, 8.917252146760344, 10480.0], [8.9184, 6.548387096774194, 0.0], [8.836255555555555, 11.064012490241998, 300.0], [8.845733333333333, 9.893052302888368, 12980.0]]}