{"run": 10, "seed": 11, "num_pareto": 63, "hv_final": 299068.2112251425, "pareto_front": [[8.7884, 13.0, 680.0], [8.788788888888888, 13.0, 580.0], [8.794, 12.508196721311476, 680.0], [8.834, 9.385636221701796, 0.0], [8.802866666666667, 12.21774193548387, 0.0], [8.904044444444445, 6.599531615925058, 0.0], [8.809, 11.337236533957846, 0.0], [8.799166666666666, 12.352068696330992, 280.0], [8.950477777777778, 3.548231511254019, 0.0], [8.794833333333333, 12.469164715066354, 580.0], [8.788444444444444, 13.0, 600.0], [8.818777777777777, 10.790788446526152, 0.0], [8.819, 10.556596409055425, 0.0], [8.908133333333334, 6.261660079051383, 0.0], [8.829555555555556, 9.775956284153006, 0.0], [8.815944444444444, 10.946916471506636, 0.0], [8.909366666666667, 5.967213114754099, 0.0], [8.794044444444445, 12.508196721311476, 600.0], [8.794877777777778, 12.469164715066354, 500.0], [8.937911111111111, 4.2583918813427015, 0.0], [8.928277777777778, 4.85632183908046, 0.0], [8.936977777777777, 4.540348101265823, 0.0], [8.848255555555555, 8.790322580645162, 0.0], [8.9093, 6.153413654618474, 0.0], [8.9335, 4.591725214676035, 0.0], [8.828888888888889, 10.010148321623731, 0.0], [8.908466666666667, 6.213654618473895, 0.0], [8.813444444444444, 11.142076502732241, 0.0], [8.940522222222222, 4.053864168618267, 0.0], [8.812666666666667, 11.181108508977362, 0.0], [8.9428, 3.722092115534738, 0.0], [8.832333333333333, 9.736924277907885, 0.0], [8.900433333333334, 6.65807962529274, 0.0], [8.911555555555555, 5.115846994535519, 0.0], [8.834833333333334, 9.346604215456674, 0.0], [8.8417, 8.827450980392157, 0.0], [8.832944444444445, 9.619828259172522, 0.0], [8.949144444444444, 3.5712025316455698, 0.0], [8.881666666666666, 6.934426229508197, 0.0], [8.854, 7.8243559718969555, 0.0], [8.809833333333334, 11.298204527712725, 0.0], [8.941688888888889, 3.917252146760344, 0.0], [8.943133333333334, 3.694769711163154, 0.0], [8.794322222222222, 12.508196721311476, 100.0], [8.925688888888889, 5.008835341365462, 0.0], [8.89711111111111, 6.720530835284934, 0.0], [8.9458, 3.6557377049180326, 0.0], [8.865677777777778, 6.939890710382514, 0.0], [8.849, 8.214676034348166, 0.0], [8.788833333333333, 13.0, 0.0], [8.824, 10.166276346604215, 0.0], [8.9618, 3.0566037735849054, 0.0], [8.932544444444444, 4.838407494145199, 0.0], [8.794433333333334, 12.508196721311476, 0.0], [8.82088888888889, 10.517564402810304, 0.0], [8.94881111111111, 3.576832151300237, 0.0], [8.965422222222223, 3.0, 0.0], [8.842444444444444, 8.80015612802498, 0.0], [8.95128888888889, 3.435691318327974, 0.0], [8.951977777777778, 3.1522248243559723, 0.0], [8.956255555555556, 3.0936768149882905, 0.0], [8.963755555555556, 3.0119485294117645, 0.0], [8.943577777777778, 3.6830601092896176, 0.0]]}