{"run": 14, "seed": 15, "num_pareto": 44, "hv_final": 309842.93085413275, "pareto_front": [[8.95861111111111, 3.8743169398907105, 0.0], [8.956944444444444, 4.0, 0.0], [8.932133333333333, 4.85632183908046, 0.0], [8.954355555555555, 4.115682766845558, 0.0], [8.788955555555555, 13.0, 0.0], [8.964133333333333, 3.090909090909091, 0.0], [8.87048888888889, 7.473067915690867, 0.0], [8.9335, 4.591725214676035, 0.0], [8.7884, 13.0, 680.0], [8.926055555555555, 5.187353629976581, 3520.0], [8.985433333333333, 2.890705128205128, 0.0], [8.925222222222223, 5.245901639344262, 4020.0], [8.942422222222222, 4.46224077656722, 0.0], [8.951077777777778, 4.334213629644394, 0.0], [8.957688888888889, 3.97640931372549, 0.0], [8.883755555555556, 7.338017174082748, 0.0], [8.929122222222222, 5.0, 520.0], [8.919344444444445, 5.4270101483216235, 0.0], [8.9746, 3.0668662674650697, 0.0], [8.990433333333334, 2.835540838852097, 0.0], [8.975011111111112, 3.0, 0.0], [8.921855555555556, 5.251792828685259, 0.0], [8.802333333333333, 12.117876658860265, 0.0], [8.9639, 3.8502824858757063, 0.0], [9.001288888888888, 2.5475609756097564, 0.0], [8.925555555555556, 5.163934426229508, 6820.0], [8.817222222222222, 11.836846213895393, 0.0], [8.928055555555556, 5.0, 6320.0], [8.817355555555556, 11.142076502732241, 1500.0], [9.00158888888889, 2.3666666666666667, 0.0], [8.889933333333333, 5.716627634660422, 0.0], [8.925888888888888, 5.140515222482436, 6620.0], [8.9167, 5.715846994535519, 0.0], [8.842355555555555, 9.19047619047619, 0.0], [8.931288888888888, 5.0, 0.0], [8.926388888888889, 5.105386416861827, 6320.0], [8.929055555555555, 5.0, 4720.0], [8.926722222222223, 5.081967213114754, 6120.0], [8.963944444444444, 3.7560302237721594, 0.0], [8.927388888888888, 5.035128805620609, 5720.0], [8.927055555555556, 5.058548009367682, 5920.0], [8.918888888888889, 5.690866510538641, 7820.0], [8.92928888888889, 5.0, 320.0], [8.919222222222222, 5.70647931303669, 5620.0]]}