{"run": 1, "seed": 2, "num_pareto": 48, "hv_final": 312604.2493547292, "pareto_front": [[8.95861111111111, 3.8743169398907105, 0.0], [8.842633333333334, 9.619828259172522, 0.0], [8.962466666666666, 3.32597623089983, 0.0], [8.913566666666666, 5.988831615120275, 0.0], [8.911933333333334, 6.038191261839291, 0.0], [9.014922222222221, 2.242424242424242, 0.0], [8.928277777777778, 4.85632183908046, 0.0], [8.956944444444444, 4.0, 0.0], [8.992222222222223, 2.901053864168618, 0.0], [9.002955555555555, 2.4069086651053864, 0.0], [8.988888888888889, 3.1014832162373147, 0.0], [8.976577777777777, 3.2320405171264825, 0.0], [8.860966666666666, 8.157977883096367, 0.0], [8.876166666666666, 6.939890710382514, 0.0], [8.941733333333334, 4.715846994535519, 0.0], [8.862855555555555, 8.145979703356753, 0.0], [8.864511111111112, 8.06791569086651, 0.0], [8.923233333333334, 5.6636609558160504, 0.0], [8.987955555555555, 3.1342701014832164, 0.0], [8.7884, 13.0, 680.0], [8.914711111111112, 5.89088279382959, 0.0], [8.837477777777778, 9.874015748031496, 0.0], [8.788955555555555, 13.0, 0.0], [9.00158888888889, 2.6853864734299515, 0.0], [8.989144444444445, 3.0171740827478533, 0.0], [9.007422222222223, 2.375, 0.0], [8.803066666666666, 12.352068696330992, 0.0], [8.89858888888889, 6.520686963309914, 0.0], [9.010066666666667, 2.25, 0.0], [8.854022222222222, 8.253708040593287, 0.0], [8.811555555555556, 11.376268540202966, 0.0], [8.941011111111111, 4.7650273224043715, 0.0], [8.881866666666667, 6.744730679156909, 0.0], [8.953955555555556, 4.34192037470726, 0.0], [8.917766666666667, 5.70097708969058, 0.0], [8.983788888888888, 3.168032786885246, 0.0], [8.939433333333334, 4.814207650273224, 0.0], [8.851522222222222, 8.448868071818891, 0.0], [8.819022222222221, 10.985948477751757, 0.0], [8.814055555555555, 11.181108508977362, 0.0], [8.809244444444445, 12.117876658860265, 0.0], [8.891033333333333, 6.647150663544106, 0.0], [8.831522222222222, 10.010148321623731, 0.0], [8.828088888888889, 10.473684210526315, 0.0], [8.853522222222223, 8.292740046838407, 0.0], [8.844022222222222, 9.034348165495706, 0.0], [8.868355555555556, 7.566473988439307, 0.0], [8.7985, 12.352068696330992, 280.0]]}