{"run": 21, "seed": 22, "num_pareto": 51, "hv_final": 295523.34097241005, "pareto_front": [[8.869933333333334, 9.089773614363779, 0.0], [8.9335, 4.591725214676035, 0.0], [8.8894, 6.887587822014051, 5280.0], [8.947933333333333, 3.730679156908665, 0.0], [8.795722222222222, 13.0, 1940.0], [8.857955555555556, 8.995316159250585, 1400.0], [8.972566666666667, 3.2105263157894735, 0.0], [8.945022222222223, 4.413153786104606, 0.0], [8.964133333333333, 3.4634146341463414, 0.0], [8.92661111111111, 4.85632183908046, 0.0], [8.880466666666667, 7.262295081967213, 0.0], [8.79641111111111, 13.0, 0.0], [8.838233333333333, 10.556596409055425, 8900.0], [8.903355555555555, 5.843224092116918, 0.0], [8.848522222222222, 11.655849224935876, 0.0], [8.832722222222221, 11.298204527712725, 900.0], [8.853233333333334, 9.19047619047619, 3600.0], [8.796277777777778, 13.0, 940.0], [8.830455555555556, 11.454332552693208, 10200.0], [8.976577777777777, 3.0171740827478533, 0.0], [8.823233333333333, 11.727556596409055, 9100.0], [8.874144444444445, 7.95016611295681, 0.0], [8.843233333333334, 10.166276346604215, 12100.0], [8.8307, 11.85480093676815, 6660.0], [8.871844444444445, 7.629195940671351, 7180.0], [8.819066666666666, 11.92271662763466, 10900.0], [8.8037, 12.25, 0.0], [8.828788888888889, 11.53239656518345, 10400.0], [8.799466666666667, 12.78064012490242, 0.0], [8.838455555555555, 10.556596409055425, 7400.0], [8.837955555555556, 10.556596409055425, 13100.0], [8.833788888888888, 10.75175644028103, 7900.0], [8.868511111111111, 8.40983606557377, 9180.0], [8.8691, 9.14832162373146, 0.0], [8.883733333333334, 7.23887587822014, 6180.0], [8.898266666666666, 6.884465261514442, 0.0], [8.869122222222222, 8.253708040593287, 8780.0], [8.9251, 5.030444964871195, 0.0], [8.898233333333334, 6.861826697892272, 3280.0], [8.885733333333333, 7.082747853239656, 5780.0], [8.848988888888888, 9.39344262295082, 11700.0], [8.84828888888889, 9.814988290398126, 6300.0], [8.852733333333333, 9.034348165495706, 10780.0], [8.850711111111112, 9.237314597970336, 11300.0], [8.821944444444444, 12.117876658860265, 3000.0], [8.850733333333332, 9.19047619047619, 11180.0], [8.854733333333334, 8.878220140515223, 10380.0], [8.846044444444445, 9.705698672911788, 12500.0], [8.842677777777778, 10.36143637782982, 12600.0], [8.834066666666667, 10.75175644028103, 7100.0], [8.85351111111111, 9.19047619047619, 0.0]]}