{"run": 29, "seed": 30, "num_pareto": 37, "hv_final": 295983.61366150633, "pareto_front": [[8.95861111111111, 3.8743169398907105, 0.0], [8.9335, 4.6016262047750445, 0.0], [8.807022222222223, 11.92271662763466, 0.0], [8.7945, 12.508196721311476, 680.0], [8.9484, 4.591725214676035, 0.0], [8.924133333333334, 4.814207650273224, 0.0], [8.958055555555555, 3.9523809523809526, 0.0], [9.017255555555556, 3.106382978723404, 0.0], [8.788955555555555, 13.0, 0.0], [8.956944444444444, 4.0, 0.0], [8.917588888888888, 5.115846994535519, 0.0], [8.7946, 12.508196721311476, 600.0], [8.824666666666667, 10.36143637782982, 0.0], [8.989144444444445, 3.2, 0.0], [8.810166666666667, 11.337236533957846, 0.0], [8.862022222222222, 7.629195940671351, 0.0], [8.976577777777777, 3.436619718309859, 0.0], [8.852666666666666, 8.058548009367682, 0.0], [8.8435, 8.644028103044496, 0.0], [8.840166666666667, 9.034348165495706, 0.0], [8.8185, 10.595628415300547, 0.0], [8.805944444444444, 12.117876658860265, 0.0], [8.812666666666667, 11.181108508977362, 0.0], [8.887922222222223, 6.848555815768931, 5180.0], [8.88958888888889, 6.80327868852459, 4980.0], [8.839522222222222, 9.385636221701796, 0.0], [8.825166666666666, 10.205308352849336, 0.0], [8.858333333333333, 7.668227946916471, 0.0], [8.955666666666668, 4.444184231069477, 0.0], [8.898444444444445, 5.545979703356753, 0.0], [8.839277777777777, 9.580796252927401, 0.0], [8.85828888888889, 8.019516003122561, 0.0], [8.799611111111112, 12.508196721311476, 0.0], [8.890177777777778, 6.281811085089774, 0.0], [8.88048888888889, 6.939890710382514, 0.0], [8.808833333333334, 11.53239656518345, 0.0], [8.870233333333333, 7.434035909445745, 0.0]]}