{"run": 23, "seed": 24, "num_pareto": 32, "hv_final": 298237.4706135962, "pareto_front": [[8.95861111111111, 3.8743169398907105, 0.0], [8.956944444444444, 4.0, 0.0], [8.9767, 3.0171740827478533, 0.0], [8.9233, 4.556010928961749, 0.0], [8.931111111111111, 4.3108508977361435, 0.0], [8.842977777777778, 9.159250585480093, 0.0], [8.848977777777778, 8.690866510538642, 0.0], [8.819522222222222, 10.946916471506636, 0.0], [8.842055555555556, 9.308300395256918, 0.0], [8.833477777777778, 9.900858704137393, 0.0], [8.837922222222222, 9.510538641686182, 0.0], [8.828977777777778, 10.252146760343482, 0.0], [8.971177777777777, 3.1666666666666665, 0.0], [8.821522222222223, 10.790788446526152, 0.0], [8.87968888888889, 6.676814988290398, 0.0], [8.89321111111111, 5.090846994535519, 0.0], [8.8396, 9.398126463700235, 0.0], [8.813755555555556, 11.797814207650273, 0.0], [8.847288888888889, 8.729898516783763, 0.0], [8.870955555555556, 7.23887587822014, 0.0], [8.884655555555556, 6.246185508480591, 0.0], [8.859644444444445, 7.9882903981264635, 0.0], [8.886122222222221, 6.212617983109786, 0.0], [8.810922222222223, 12.375, 0.0], [8.7884, 13.0, 680.0], [8.788955555555555, 13.0, 0.0], [8.852333333333334, 8.019516003122561, 0.0], [8.808233333333334, 12.508196721311476, 0.0], [8.812888888888889, 11.891491022638563, 0.0], [8.834022222222222, 9.814988290398126, 0.0], [8.870188888888888, 7.556596409055426, 0.0], [8.814022222222222, 11.376268540202966, 0.0]]}