{"run": 22, "seed": 23, "num_pareto": 38, "hv_final": 295054.86393480055, "pareto_front": [[8.788955555555555, 13.0, 0.0], [8.871633333333333, 9.28415300546448, 0.0], [8.95031111111111, 3.163934426229508, 0.0], [8.949311111111111, 3.538934426229508, 0.0], [8.7884, 13.0, 680.0], [8.949866666666667, 3.40635866865375, 0.0], [8.8077, 12.42232630757221, 0.0], [8.9767, 3.111111111111111, 0.0], [8.944033333333334, 3.575757575757576, 0.0], [8.896955555555556, 8.231069476971117, 0.0], [8.871466666666667, 9.48415300546448, 0.0], [8.897688888888888, 8.094197779369166, 0.0], [8.907066666666667, 4.39692001987084, 0.0], [8.89268888888889, 8.548072322530281, 0.0], [8.892655555555555, 6.939890710382514, 3900.0], [8.896822222222223, 6.842310694769711, 3400.0], [8.876255555555556, 7.629195940671351, 7180.0], [8.901255555555556, 6.939890710382514, 2180.0], [8.814522222222223, 11.337236533957846, 0.0], [8.886255555555556, 6.939890710382514, 5180.0], [8.903177777777778, 4.670144063586687, 0.0], [8.872433333333333, 8.300546448087431, 8900.0], [8.848622222222222, 9.775956284153006, 9400.0], [8.85521111111111, 9.666666666666666, 12400.0], [8.863622222222222, 8.604996096799375, 6400.0], [8.833688888888888, 9.97111631537861, 0.0], [8.9006, 7.902419984387198, 0.0], [8.880022222222221, 7.324746291959407, 6400.0], [8.867055555555556, 9.510878323932312, 0.0], [8.90108888888889, 6.744730679156909, 2880.0], [8.87021111111111, 8.495706479313037, 9400.0], [8.859588888888888, 9.19047619047619, 11180.0], [8.89708888888889, 6.744730679156909, 3680.0], [8.86438888888889, 9.566217287866772, 0.0], [8.89798888888889, 6.647150663544106, 3900.0], [8.943433333333333, 4.220921155347384, 0.0], [8.943655555555555, 4.1896955503512885, 0.0], [8.859377777777778, 9.471506635441061, 11900.0]]}