{"run": 15, "seed": 16, "num_pareto": 24, "hv_final": 300703.9019056392, "pareto_front": [[8.9335, 4.591725214676035, 0.0], [8.945822222222223, 3.6557377049180326, 0.0], [8.909555555555556, 5.903901046622265, 0.0], [8.953355555555556, 3.2603199683981825, 0.0], [8.7884, 13.0, 680.0], [8.928155555555556, 4.85632183908046, 0.0], [8.926322222222222, 4.993911007025761, 0.0], [8.809666666666667, 11.415300546448087, 0.0], [8.825466666666667, 10.829820452771273, 0.0], [8.802488888888888, 12.25, 0.0], [8.935822222222223, 4.579234972677596, 0.0], [8.837166666666667, 9.268540202966433, 0.0], [8.962466666666666, 3.142857142857143, 0.0], [8.925444444444445, 5.677852348993288, 0.0], [8.943322222222223, 3.8508977361436374, 0.0], [8.829666666666666, 9.854020296643247, 0.0], [8.788955555555555, 13.0, 0.0], [8.918322222222223, 5.90007806401249, 0.0], [8.9767, 2.8743169398907105, 0.0], [8.871333333333334, 6.744730679156909, 0.0], [8.862722222222223, 7.707259953161593, 0.0], [8.852166666666667, 8.097580015612802, 0.0], [8.920822222222222, 5.704918032786885, 0.0], [8.801533333333333, 12.969932104752667, 0.0]]}