{"run": 19, "seed": 20, "num_pareto": 30, "hv_final": 314453.7705150725, "pareto_front": [[8.95861111111111, 3.8743169398907105, 0.0], [8.956944444444444, 4.0, 0.0], [8.7884, 13.0, 680.0], [8.788955555555555, 13.0, 0.0], [8.87738888888889, 8.628415300546449, 0.0], [8.925477777777777, 4.814207650273224, 0.0], [8.854, 10.105386416861826, 0.0], [8.962466666666666, 3.0, 0.0], [8.9155, 5.935206869633099, 0.0], [8.931655555555556, 4.7876658860265415, 0.0], [8.896088888888888, 6.549570647931303, 0.0], [8.991266666666666, 2.6794871794871793, 0.0], [8.938322222222222, 4.241217798594848, 0.0], [8.925155555555556, 5.699122371253519, 0.0], [8.98938888888889, 2.7962529274004684, 0.0], [8.9994, 2.0, 0.0], [8.993377777777777, 2.649737302977233, 0.0], [8.86438888888889, 9.508196721311476, 0.0], [8.884755555555556, 7.127244340359095, 0.0], [8.91911111111111, 5.88056206088993, 0.0], [8.903755555555556, 6.432474629195941, 0.0], [8.853911111111112, 12.25, 0.0], [8.871922222222222, 9.382513661202186, 0.0], [8.830277777777777, 12.375, 0.0], [8.873088888888889, 9.226385636221702, 0.0], [8.9335, 4.591725214676035, 0.0], [8.996922222222222, 2.305084745762712, 0.0], [8.9972, 2.2102908277404922, 0.0], [8.997755555555555, 2.0976253298153034, 0.0], [8.869933333333334, 9.441061670569868, 0.0]]}