{"run": 20, "seed": 21, "num_pareto": 24, "hv_final": 296362.89617658744, "pareto_front": [[8.95861111111111, 3.8743169398907105, 0.0], [8.956944444444444, 4.0, 0.0], [8.989144444444445, 3.1243169398907105, 0.0], [8.95341111111111, 4.178766588602654, 0.0], [8.788955555555555, 13.0, 0.0], [8.898222222222222, 5.5600117096018735, 0.0], [8.993655555555556, 3.0942275042444822, 0.0], [9.00158888888889, 3.0, 0.0], [8.867422222222222, 8.480093676814988, 0.0], [8.894411111111111, 7.043715846994536, 0.0], [8.922144444444445, 5.342701014832162, 0.0], [8.931833333333334, 4.591725214676035, 0.0], [8.859922222222222, 9.065573770491802, 0.0], [8.966911111111111, 3.2, 0.0], [8.9767, 3.1279069767441863, 0.0], [8.923533333333333, 4.996096799375488, 0.0], [8.92381111111111, 4.814207650273224, 0.0], [8.882166666666667, 8.1288056206089, 0.0], [8.84918888888889, 9.418423106947696, 0.0], [8.806377777777778, 12.617486338797814, 0.0], [8.836466666666666, 9.98360655737705, 0.0], [8.823633333333333, 10.569086651053864, 0.0], [8.820466666666666, 10.725214676034348, 0.0], [9.001033333333334, 3.0482093663911844, 0.0]]}