{"run": 26, "seed": 27, "num_pareto": 29, "hv_final": 311939.78618253156, "pareto_front": [[8.95861111111111, 3.8743169398907105, 0.0], [8.956944444444444, 4.0, 0.0], [9.00158888888889, 2.111111111111111, 0.0], [8.971822222222222, 3.0, 0.0], [8.92381111111111, 4.814207650273224, 0.0], [8.984388888888889, 2.8096670677898117, 0.0], [8.868788888888888, 7.8243559718969555, 0.0], [8.993277777777777, 2.5230053842388647, 0.0], [8.9335, 4.591725214676035, 0.0], [8.989944444444445, 2.644173166044987, 0.0], [8.880788888888889, 6.939890710382514, 0.0], [8.7884, 13.0, 680.0], [8.998833333333334, 2.269476372924649, 0.0], [8.866722222222222, 10.28415300546448, 0.0], [8.788955555555555, 13.0, 0.0], [9.000166666666667, 2.1961044710048694, 0.0], [8.989055555555556, 2.711972924763126, 0.0], [8.913166666666667, 5.497267759562842, 0.0], [8.9767, 2.9854280510018216, 0.0], [8.951511111111111, 4.355191256830601, 0.0], [8.951788888888888, 4.31615925058548, 0.0], [8.839944444444445, 12.383294301327089, 0.0], [8.863133333333334, 10.830601092896174, 0.0], [8.965355555555556, 3.2, 0.0], [8.953177777777778, 4.160031225604996, 0.0], [8.9787, 2.9255512052019452, 0.0], [8.9835, 2.871291069619337, 0.0], [8.9855, 2.7796244998461064, 0.0], [8.910855555555555, 6.520171673819743, 0.0]]}