{"run": 3, "seed": 4, "num_pareto": 30, "hv_final": 297710.7980061675, "pareto_front": [[8.814555555555556, 12.383294301327089, 0.0], [8.844555555555555, 10.456674473067915, 20.0], [8.884511111111111, 6.371338181519372, 0.0], [8.863555555555555, 8.80015612802498, 0.0], [8.7884, 13.0, 680.0], [8.788955555555555, 13.0, 0.0], [8.901555555555555, 4.960577673692428, 0.0], [8.87711111111111, 8.628415300546449, 1640.0], [8.851377777777778, 8.819530196579377, 0.0], [8.826477777777777, 11.298204527712725, 0.0], [8.877955555555555, 6.797672273082108, 0.0], [8.876566666666667, 8.705698672911788, 980.0], [8.94201111111111, 4.1624790619765495, 0.0], [8.935866666666668, 4.241217798594848, 0.0], [8.946622222222222, 3.0, 0.0], [8.944666666666667, 3.1887197501951605, 0.0], [8.811477777777778, 12.469164715066354, 0.0], [8.946066666666667, 3.0468384074941453, 0.0], [8.942733333333333, 3.505386416861827, 0.0], [8.934755555555556, 4.377829820452772, 0.0], [8.942122222222222, 3.765946502057613, 0.0], [8.945511111111111, 3.0833333333333335, 0.0], [8.943233333333334, 3.480386416861827, 0.0], [8.9133, 4.482435597189696, 0.0], [8.912744444444444, 4.715846994535519, 0.0], [8.834555555555555, 10.822014051522249, 0.0], [8.943566666666667, 3.355386416861827, 0.0], [8.898144444444444, 4.989851678376269, 0.0], [8.9444, 3.2472677595628414, 0.0], [8.945233333333332, 3.105386416861827, 0.0]]}