{"run": 12, "seed": 13, "num_pareto": 29, "hv_final": 308492.1758860164, "pareto_front": [[8.95861111111111, 3.8743169398907105, 0.0], [8.956944444444444, 4.0, 0.0], [8.921288888888888, 5.502732240437158, 0.0], [8.96411111111111, 3.8040593286494926, 0.0], [8.964166666666667, 3.7962529274004684, 0.0], [8.931833333333334, 4.591725214676035, 0.0], [8.92661111111111, 4.85632183908046, 0.0], [8.7884, 13.0, 680.0], [8.92388888888889, 5.310694769711163, 0.0], [8.829433333333334, 12.188134270101484, 0.0], [8.906522222222222, 6.882123341139734, 0.0], [8.975255555555556, 3.6625708884688093, 0.0], [9.00158888888889, 2.3718026796589524, 0.0], [8.912544444444444, 6.205308352849336, 0.0], [8.852611111111111, 8.136612021857923, 0.0], [8.909277777777778, 6.481654957064793, 0.0], [8.926, 5.0, 0.0], [8.88261111111111, 6.900858704137392, 0.0], [8.788833333333333, 13.0, 0.0], [8.880666666666666, 6.939890710382514, 0.0], [8.818122222222222, 12.968774395003903, 0.0], [8.995255555555556, 2.655710613294161, 0.0], [8.9135, 5.896174863387978, 0.0], [8.992477777777777, 2.8576765700053373, 0.0], [8.989144444444445, 3.130253615352452, 0.0], [8.976577777777777, 3.5279482248069116, 0.0], [8.850666666666667, 8.214676034348166, 0.0], [8.838166666666666, 9.19047619047619, 0.0], [8.986277777777778, 3.4844597503228583, 0.0]]}