{"run": 11, "seed": 12, "num_pareto": 65, "hv_final": 311254.6211578472, "pareto_front": [[8.92381111111111, 4.814207650273224, 0.0], [8.894566666666666, 6.767006802721088, 0.0], [8.788788888888888, 13.0, 580.0], [8.8455, 10.562060889929743, 0.0], [8.801244444444444, 12.63727959697733, 0.0], [8.7884, 13.0, 680.0], [8.931833333333334, 4.682634305585125, 0.0], [8.877477777777777, 7.91959406713505, 0.0], [8.801366666666667, 12.407704654895666, 0.0], [8.78978888888889, 13.0, 0.0], [8.956011111111112, 3.0, 0.0], [8.948955555555555, 3.105386416861827, 0.0], [8.87058888888889, 8.387978142076502, 20.0], [8.864977777777778, 8.895394223263075, 0.0], [8.873088888888889, 8.446526151444184, 0.0], [8.800133333333333, 12.672354948805461, 0.0], [8.947455555555555, 4.591725214676035, 0.0], [8.890588888888889, 6.939890710382514, 0.0], [8.803877777777778, 12.072599531615925, 0.0], [8.830211111111112, 11.124121779859484, 3240.0], [8.801933333333332, 12.090909090909092, 0.0], [8.829555555555556, 11.510538641686182, 0.0], [8.947677777777777, 3.163934426229508, 0.0], [8.886733333333334, 7.0296643247462915, 0.0], [8.8065, 11.53239656518345, 480.0], [8.841388888888888, 10.63231850117096, 0.0], [8.882811111111112, 7.11943793911007, 0.0], [8.875866666666667, 8.153786104605777, 0.0], [8.892866666666666, 6.861826697892272, 0.0], [8.832611111111111, 11.124121779859484, 2420.0], [8.84581111111111, 10.007806401249024, 0.0], [8.914977777777779, 5.955503512880562, 0.0], [8.856977777777777, 9.266198282591725, 0.0], [8.950622222222222, 3.0468384074941453, 0.0], [8.849477777777778, 9.85167837626854, 0.0], [8.997288888888889, 2.2857142857142856, 0.0], [8.812033333333334, 11.974789915966387, 0.0], [8.894477777777778, 6.842310694769711, 0.0], [8.890311111111112, 6.939890710382514, 1020.0], [8.868311111111112, 8.505074160811866, 0.0], [8.86281111111111, 8.934426229508198, 0.0], [8.836922222222222, 10.710382513661202, 0.0], [8.843311111111111, 10.202966432474629, 120.0], [8.834211111111111, 10.913348946135832, 1940.0], [8.867644444444444, 8.462138953942233, 2920.0], [8.890422222222222, 6.998438719750196, 0.0], [8.860811111111111, 9.09055425448868, 0.0], [8.835977777777778, 10.804059328649492, 5920.0], [8.880811111111111, 7.529274004683841, 0.0], [8.880144444444445, 7.4863387978142075, 2720.0], [8.887644444444444, 6.900858704137392, 5420.0], [8.855311111111112, 9.519906323185012, 0.0], [8.85281111111111, 9.46135831381733, 20.0], [8.872644444444445, 8.071818891491022, 8420.0], [8.852644444444444, 9.633099141295862, 5920.0], [8.855977777777778, 9.242779078844652, 8420.0], [8.894977777777777, 6.744730679156909, 9620.0], [8.84531111111111, 10.046838407494144, 8020.0], [8.871977777777778, 8.095238095238095, 6020.0], [8.794, 12.508196721311476, 680.0], [8.867811111111111, 8.2903981264637, 6520.0], [8.911011111111112, 6.662763466042154, 0.0], [8.86581111111111, 8.70023419203747, 5920.0], [8.879477777777778, 7.763466042154567, 3520.0], [8.875311111111111, 7.958626073380172, 7020.0]]}