{"run": 24, "seed": 25, "num_pareto": 54, "hv_final": 311296.2792846757, "pareto_front": [[8.962466666666666, 3.25, 0.0], [8.98648888888889, 3.2017954722872752, 0.0], [8.899677777777777, 6.842310694769711, 1780.0], [8.926622222222223, 5.896174863387978, 3880.0], [8.788955555555555, 13.0, 0.0], [8.7884, 13.0, 680.0], [8.875866666666667, 8.708333333333334, 0.0], [8.829, 11.651053864168619, 0.0], [8.900177777777778, 6.842310694769711, 1680.0], [8.931833333333334, 4.625541639796808, 0.0], [8.9955, 2.5693473193473193, 0.0], [8.920988888888889, 6.010148321623731, 4880.0], [8.844944444444444, 9.385636221701796, 11680.0], [8.832722222222221, 10.75175644028103, 15180.0], [8.83, 10.946916471506636, 15680.0], [8.913833333333333, 6.814207650273224, 7080.0], [8.834522222222223, 9.775956284153006, 0.0], [8.841088888888889, 9.558938329430132, 0.0], [8.878222222222222, 8.333333333333334, 0.0], [8.8274, 11.142076502732241, 16180.0], [8.823233333333333, 11.337236533957846, 16680.0], [8.8849, 6.842310694769711, 4680.0], [8.918333333333333, 6.478532396565184, 5380.0], [9.000233333333334, 2.25, 0.0], [8.863233333333334, 8.214676034348166, 8680.0], [8.916666666666666, 6.595628415300546, 6380.0], [8.9872, 2.783062054933876, 0.0], [8.9335, 4.591725214676035, 0.0], [8.920844444444445, 6.325526932084309, 0.0], [8.945922222222222, 4.544496487119439, 0.0], [8.894677777777778, 6.861826697892272, 3680.0], [8.997477777777778, 2.408365261813538, 0.0], [8.8081, 12.117876658860265, 0.0], [8.897744444444445, 7.0877470355731225, 0.0], [8.930566666666667, 6.2217017954722875, 0.0], [8.8337, 11.422018348623853, 0.0], [8.953422222222223, 3.959016393442623, 0.0], [8.869622222222223, 8.019516003122561, 8180.0], [8.919166666666667, 6.419984387197502, 4880.0], [8.931666666666667, 5.424668227946916, 3380.0], [8.921066666666666, 6.286494925839188, 1140.0], [8.84678888888889, 8.995316159250585, 0.0], [8.913755555555555, 6.939890710382514, 0.0], [8.802522222222223, 12.34192037470726, 0.0], [8.868788888888888, 8.214676034348166, 5000.0], [8.95508888888889, 3.6557377049180326, 0.0], [8.889444444444445, 6.939890710382514, 2880.0], [8.915888888888889, 6.790788446526151, 6880.0], [8.86128888888889, 8.40983606557377, 9180.0], [8.893466666666667, 7.901142573273721, 0.0], [8.822611111111112, 11.503512880562061, 940.0], [8.996088888888888, 2.4602908277404922, 0.0], [8.929122222222222, 5.7010148321623735, 3380.0], [8.967244444444445, 3.2131147540983607, 0.0]]}