{"run": 0, "seed": 1, "num_pareto": 43, "hv_final": 297177.54894451273, "pareto_front": [[8.95861111111111, 3.8743169398907105, 0.0], [8.956944444444444, 4.0, 0.0], [8.920644444444445, 4.988574267262791, 0.0], [8.788955555555555, 13.0, 0.0], [8.918822222222222, 5.715846994535519, 0.0], [8.870422222222222, 8.136612021857923, 7140.0], [8.898844444444444, 6.744730679156909, 2280.0], [8.895755555555555, 6.705698672911788, 4080.0], [8.879066666666667, 8.089773614363779, 0.0], [8.868755555555556, 8.214676034348166, 6440.0], [8.801766666666667, 12.508196721311476, 0.0], [8.889677777777777, 6.744730679156909, 4280.0], [8.81161111111111, 11.337236533957846, 0.0], [8.888011111111112, 6.939890710382514, 3780.0], [8.902088888888889, 6.744730679156909, 0.0], [8.906, 6.481654957064793, 0.0], [8.911855555555556, 6.325526932084309, 0.0], [8.7884, 13.0, 680.0], [8.962466666666666, 3.0, 0.0], [8.917355555555556, 5.896174863387978, 0.0], [8.834366666666666, 10.080405932864949, 0.0], [8.88208888888889, 7.8243559718969555, 5840.0], [8.883233333333333, 7.543325526932084, 0.0], [8.882922222222222, 8.019516003122561, 5340.0], [8.954455555555555, 4.333333333333333, 0.0], [8.873755555555556, 7.8243559718969555, 7540.0], [8.901255555555556, 6.939890710382514, 2180.0], [8.896255555555555, 6.939890710382514, 3180.0], [8.905755555555556, 6.647150663544106, 2280.0], [8.852766666666666, 8.526932084309134, 0.0], [8.824111111111112, 10.36143637782982, 0.0], [8.845333333333333, 9.385636221701796, 0.0], [8.931833333333334, 4.591725214676035, 0.0], [8.839155555555555, 9.97111631537861, 0.0], [8.892022222222222, 6.956043956043956, 0.0], [8.900422222222222, 6.575331772053084, 4480.0], [8.883255555555555, 7.082747853239656, 3440.0], [8.898255555555556, 6.939890710382514, 2640.0], [8.881255555555555, 7.23887587822014, 6040.0], [8.875755555555555, 7.668227946916471, 5940.0], [8.904588888888888, 6.380171740827478, 3980.0], [8.915422222222222, 6.02263856362217, 1140.0], [8.908755555555556, 6.1850117096018735, 2640.0]]}