{"run": 13, "seed": 14, "num_pareto": 37, "hv_final": 294530.6847178953, "pareto_front": [[8.956944444444444, 4.0, 0.0], [8.95861111111111, 3.8743169398907105, 0.0], [8.793922222222223, 13.0, 680.0], [8.962466666666666, 3.1666666666666665, 0.0], [8.877855555555556, 7.043715846994536, 0.0], [8.795311111111111, 13.0, 0.0], [8.872377777777778, 7.652615144418423, 0.0], [8.816188888888888, 11.337236533957846, 0.0], [8.857933333333333, 8.628415300546449, 0.0], [8.80568888888889, 12.156908665105387, 0.0], [8.8204, 11.142076502732241, 0.0], [8.941133333333333, 4.338017174082748, 0.0], [8.8604, 8.019516003122561, 0.0], [8.799522222222222, 12.508196721311476, 680.0], [8.833455555555556, 10.166276346604215, 0.0], [8.8404, 9.580796252927401, 0.0], [8.944722222222222, 4.163934426229508, 0.0], [8.829855555555556, 10.40046838407494, 0.0], [8.942244444444444, 4.220921155347384, 0.0], [8.8104, 12.117876658860265, 0.0], [8.80401111111111, 12.31303669008587, 0.0], [8.844066666666667, 9.346604215456674, 0.0], [8.803688888888889, 12.31303669008587, 180.0], [8.893444444444444, 6.091334894613583, 0.0], [8.937888888888889, 4.513698630136986, 0.0], [8.845688888888889, 9.034348165495706, 0.0], [8.83618888888889, 9.775956284153006, 0.0], [8.8813, 6.9656518345042935, 5480.0], [8.823688888888888, 10.75175644028103, 0.0], [8.885466666666666, 6.770491803278689, 4980.0], [8.824522222222223, 10.556596409055425, 0.0], [8.81401111111111, 11.53239656518345, 0.0], [8.889633333333334, 6.608118657298985, 4480.0], [8.8688, 7.941451990632318, 7980.0], [8.895111111111111, 5.096174863387978, 0.0], [8.942044444444445, 4.256254128385276, 0.0], [8.92511111111111, 4.724590163934426, 0.0]]}