{"run": 27, "seed": 28, "num_pareto": 48, "hv_final": 299009.9329577902, "pareto_front": [[8.788955555555555, 13.0, 0.0], [8.964133333333333, 3.040983606557377, 0.0], [8.911911111111111, 4.6775956284153, 0.0], [8.989022222222221, 2.959758455421818, 0.0], [8.9428, 4.046057767369243, 0.0], [8.946344444444444, 3.6415094339622645, 0.0], [8.941022222222223, 4.377049180327869, 0.0], [8.8681, 8.058548009367682, 0.0], [8.8956, 4.911787665886027, 0.0], [8.860644444444445, 8.714285714285714, 0.0], [8.8736, 7.668227946916471, 0.0], [8.874155555555555, 7.473067915690867, 0.0], [8.870155555555556, 7.785323965651835, 0.0], [8.953144444444444, 3.276541095890411, 0.0], [8.881066666666667, 7.277907884465262, 0.0], [8.888955555555556, 6.692427790788447, 0.0], [8.823422222222222, 11.610655737704919, 0.0], [8.849066666666667, 9.431693989071038, 0.0], [8.8024, 12.78064012490242, 0.0], [8.803277777777778, 12.554254488680717, 0.0], [8.8044, 12.11631537861046, 0.0], [8.801933333333332, 12.899099099099098, 0.0], [8.82701111111111, 11.305230288836846, 0.0], [8.820822222222223, 11.992974238875878, 0.0], [8.821388888888889, 11.65495706479313, 0.0], [8.892822222222222, 6.60655737704918, 0.0], [8.893944444444445, 6.497267759562842, 0.0], [8.920833333333333, 4.442622950819672, 0.0], [8.902944444444444, 4.794691647150664, 0.0], [8.904444444444444, 4.715846994535519, 0.0], [8.8172, 12.0, 0.0], [8.815255555555556, 12.056603773584905, 0.0], [8.828044444444444, 11.110070257611241, 0.0], [8.912277777777778, 4.579234972677596, 0.0], [8.831933333333334, 10.524590163934427, 0.0], [8.804022222222223, 12.12256049960968, 0.0], [8.925277777777778, 4.41712204007286, 0.0], [8.894333333333334, 6.281811085089774, 0.0], [8.918222222222223, 4.553734061930783, 0.0], [8.832877777777778, 10.197014051522249, 0.0], [8.839266666666667, 9.626854020296642, 0.0], [8.831766666666667, 10.587334113973458, 0.0], [8.828322222222223, 10.704430132708822, 0.0], [8.824433333333333, 11.329430132708822, 0.0], [8.821377777777778, 11.719750195160032, 0.0], [8.827766666666667, 11.149590163934427, 0.0], [8.823877777777778, 11.524590163934427, 0.0], [8.886011111111111, 7.160339373022721, 0.0]]}