{"run": 2, "seed": 3, "num_pareto": 22, "hv_final": 296563.8242771536, "pareto_front": [[8.7884, 13.0, 680.0], [8.788955555555555, 13.0, 0.0], [8.950022222222222, 4.17309205350118, 0.0], [8.873711111111112, 7.082747853239656, 0.0], [8.890755555555556, 6.887587822014051, 0.0], [8.817444444444444, 10.790788446526152, 0.0], [8.857433333333333, 8.448868071818891, 0.0], [8.871877777777778, 7.277907884465262, 0.0], [8.922277777777778, 5.505854800936768, 0.0], [8.9335, 4.591725214676035, 0.0], [8.954544444444444, 4.12256049960968, 0.0], [8.90798888888889, 5.982045277127244, 0.0], [8.917433333333333, 5.752902155887231, 0.0], [8.956611111111112, 3.163934426229508, 0.0], [8.92661111111111, 4.85632183908046, 0.0], [8.878377777777779, 6.939890710382514, 0.0], [8.890788888888888, 6.842310694769711, 0.0], [8.955866666666667, 4.046057767369243, 0.0], [8.967077777777778, 3.0, 0.0], [8.948088888888888, 4.241217798594848, 0.0], [8.966244444444444, 3.07416081186573, 0.0], [8.954522222222222, 4.163934426229508, 0.0]]}