{"run": 25, "seed": 26, "num_pareto": 23, "hv_final": 302974.72008697706, "pareto_front": [[8.95861111111111, 3.8743169398907105, 0.0], [8.9191, 4.715846994535519, 0.0], [8.956944444444444, 4.0, 0.0], [8.911911111111111, 4.9275956284153, 0.0], [8.912466666666667, 4.915846994535519, 0.0], [8.890055555555556, 6.45823575331772, 0.0], [8.909966666666667, 5.715846994535519, 0.0], [8.931833333333334, 4.591725214676035, 0.0], [8.962466666666666, 3.111111111111111, 0.0], [8.873233333333333, 7.434035909445745, 0.0], [8.91691111111111, 4.779234972677596, 0.0], [8.806255555555556, 12.578454332552694, 0.0], [8.910311111111112, 5.713505074160811, 0.0], [8.9767, 2.7142857142857144, 0.0], [8.931533333333334, 4.647931303669009, 0.0], [8.909611111111111, 6.091334894613583, 0.0], [8.824811111111112, 10.642466822794692, 0.0], [8.847055555555556, 8.40983606557377, 0.0], [8.845177777777778, 9.775956284153006, 0.0], [8.7884, 13.0, 680.0], [8.946366666666666, 4.35632183908046, 0.0], [8.91441111111111, 4.829234972677596, 0.0], [8.792011111111112, 13.0, 0.0]]}