{"run": 28, "seed": 29, "num_pareto": 29, "hv_final": 296963.52326473634, "pareto_front": [[8.935855555555555, 4.046057767369243, 0.0], [8.9403, 3.6557377049180326, 0.0], [8.891344444444444, 6.091334894613583, 0.0], [8.868955555555555, 8.097580015612802, 8380.0], [8.811155555555555, 11.766588602654176, 0.0], [8.857233333333333, 8.253708040593287, 0.0], [8.788955555555555, 13.0, 0.0], [8.952277777777777, 3.1061670569867292, 0.0], [8.875244444444444, 7.067135050741608, 0.0], [8.843255555555556, 9.990823673183598, 0.0], [8.95668888888889, 3.07728337236534, 0.0], [8.871088888888888, 8.199044585987261, 0.0], [8.9378, 3.8508977361436374, 0.0], [8.904755555555555, 4.915846994535519, 0.0], [8.9459, 3.581981981981982, 0.0], [8.872755555555555, 7.902419984387198, 1300.0], [8.911388888888888, 4.688524590163935, 0.0], [8.7889, 13.0, 280.0], [8.946922222222222, 3.163934426229508, 0.0], [8.933355555555556, 4.241217798594848, 0.0], [8.931833333333334, 4.593570233126219, 0.0], [8.827044444444445, 10.205308352849336, 0.0], [8.90311111111111, 5.474043715846994, 0.0], [8.908166666666666, 4.715846994535519, 0.0], [8.797722222222223, 12.352068696330992, 280.0], [8.844022222222222, 9.034348165495706, 0.0], [8.885566666666668, 6.926619828259173, 5380.0], [8.8739, 7.707259953161593, 7380.0], [8.855511111111111, 8.878220140515223, 10380.0]]}