{"run": 16, "seed": 17, "num_pareto": 53, "hv_final": 298111.98450349126, "pareto_front": [[8.95861111111111, 3.8743169398907105, 0.0], [8.931833333333334, 4.591725214676035, 0.0], [8.956944444444444, 4.0, 0.0], [8.7884, 13.0, 680.0], [8.794, 12.508196721311476, 680.0], [8.928644444444444, 4.794691647150664, 0.0], [8.788955555555555, 13.0, 0.0], [8.810422222222222, 11.306010928961749, 0.0], [8.917766666666667, 5.3036690085870415, 0.0], [8.814, 10.946916471506636, 0.0], [9.004122222222222, 3.2, 0.0], [8.899433333333333, 6.767369242779079, 0.0], [8.829, 9.775956284153006, 0.0], [8.809, 11.337236533957846, 0.0], [8.796, 12.352068696330992, 280.0], [8.798166666666667, 12.31303669008587, 180.0], [8.9211, 5.069476971116315, 0.0], [8.8432, 8.768930523028883, 0.0], [8.835166666666666, 9.580796252927401, 0.0], [8.872722222222222, 6.842310694769711, 0.0], [8.805944444444444, 11.727556596409055, 0.0], [8.8665, 6.939890710382514, 0.0], [8.855822222222223, 8.214676034348166, 0.0], [8.820666666666666, 10.71272443403591, 0.0], [8.824155555555556, 10.556596409055425, 0.0], [8.807333333333334, 11.49336455893833, 0.0], [8.819666666666667, 10.75175644028103, 0.0], [8.844055555555556, 8.644028103044496, 0.0], [8.922266666666667, 5.0, 0.0], [8.91981111111111, 5.147540983606557, 0.0], [8.8265, 9.97111631537861, 0.0], [8.862922222222222, 7.2076502732240435, 0.0], [8.973644444444444, 3.637002341920375, 0.0], [8.846777777777778, 8.40983606557377, 0.0], [8.8065, 11.53239656518345, 0.0], [8.899766666666666, 6.708821233411397, 0.0], [8.816, 10.790788446526152, 0.0], [8.974911111111112, 3.25, 0.0], [8.91381111111111, 6.434727503168568, 0.0], [8.801777777777778, 11.92271662763466, 0.0], [8.8455, 8.604996096799375, 0.0], [8.9031, 6.455113192818111, 0.0], [8.832722222222221, 9.619828259172522, 0.0], [8.971055555555555, 3.8201362736875573, 0.0], [8.810722222222223, 11.220140515222482, 0.0], [8.920266666666667, 5.128024980483997, 0.0], [8.861, 7.434035909445745, 0.0], [9.010755555555555, 3.0, 0.0], [8.795111111111112, 12.508196721311476, 0.0], [8.8035, 11.766588602654176, 0.0], [9.009977777777777, 3.108167770419426, 0.0], [8.796555555555555, 12.352068696330992, 0.0], [8.800222222222223, 12.31303669008587, 0.0]]}