{"run": 6, "seed": 7, "num_pareto": 43, "hv_final": 296938.58118985425, "pareto_front": [[8.788955555555555, 13.0, 0.0], [8.869177777777777, 7.902419984387198, 0.0], [8.864733333333334, 8.097580015612802, 0.0], [8.9335, 4.591725214676035, 0.0], [8.959388888888888, 3.0468384074941453, 0.0], [8.959944444444444, 3.0, 0.0], [8.833377777777779, 11.510538641686182, 0.0], [8.941844444444444, 3.9289617486338795, 0.0], [8.89711111111111, 5.7556596409055425, 0.0], [8.837988888888889, 11.017174082747854, 180.0], [8.952577777777778, 3.2291838417147565, 0.0], [8.819266666666667, 12.34192037470726, 0.0], [8.836933333333333, 11.212334113973458, 180.0], [8.859733333333333, 8.487900078064012, 0.0], [8.853044444444444, 9.846213895394223, 0.0], [8.838877777777778, 11.212334113973458, 0.0], [8.83, 11.72521467603435, 0.0], [8.833044444444445, 11.407494145199063, 1180.0], [8.936133333333334, 4.280249804839968, 0.0], [8.813044444444444, 12.968774395003903, 5180.0], [8.951644444444444, 3.4291838417147567, 0.0], [8.947122222222223, 3.6557377049180326, 0.0], [8.880466666666667, 6.715846994535519, 0.0], [8.9588, 3.142857142857143, 0.0], [8.828044444444444, 11.797814207650273, 2180.0], [8.95481111111111, 3.1481164383561646, 0.0], [8.839733333333333, 10.049180327868852, 0.0], [8.879733333333334, 6.926619828259173, 0.0], [8.837133333333334, 11.407494145199063, 0.0], [8.943366666666666, 3.7617529880478084, 0.0], [8.874733333333333, 7.316939890710382, 0.0], [8.899733333333334, 5.715846994535519, 0.0], [8.928277777777778, 4.85632183908046, 0.0], [8.932566666666666, 4.715846994535519, 0.0], [8.815266666666666, 12.773614363778298, 4680.0], [8.81498888888889, 12.968774395003903, 4680.0], [8.834711111111112, 11.407494145199063, 680.0], [8.854566666666667, 9.424442609413708, 0.0], [8.938233333333333, 4.065573770491803, 0.0], [8.816933333333333, 12.968774395003903, 4180.0], [8.848, 9.854020296643247, 0.0], [8.835266666666667, 11.212334113973458, 680.0], [8.948344444444444, 3.4545454545454546, 0.0]]}