{"run": 18, "seed": 19, "num_pareto": 41, "hv_final": 314020.6996622759, "pareto_front": [[8.95861111111111, 3.8743169398907105, 0.0], [8.964133333333333, 3.142857142857143, 0.0], [8.92661111111111, 4.85632183908046, 0.0], [8.956944444444444, 4.0, 0.0], [8.830477777777778, 11.056206088992974, 0.0], [8.788955555555555, 13.0, 0.0], [8.842333333333332, 10.478532396565184, 0.0], [8.823644444444444, 11.680718188914911, 0.0], [8.850755555555555, 10.275565964090553, 0.0], [8.81958888888889, 11.727556596409055, 0.0], [8.9335, 4.591725214676035, 0.0], [8.962466666666666, 3.25, 0.0], [8.931833333333334, 4.791725214676035, 0.0], [8.880611111111111, 6.939890710382514, 4780.0], [8.804922222222222, 12.812646370023419, 0.0], [8.868322222222222, 8.558157689305231, 0.0], [8.840044444444445, 10.704918032786885, 0.0], [8.848544444444444, 10.017954722872755, 13300.0], [8.850544444444445, 9.86182669789227, 12900.0], [8.908244444444444, 4.965846994535519, 0.0], [8.9496, 4.515482695810565, 0.0], [8.878622222222223, 7.277907884465262, 6280.0], [8.899522222222222, 5.6640625, 0.0], [8.877622222222222, 7.455555555555556, 0.0], [8.893044444444444, 6.224043715846994, 0.0], [8.85838888888889, 8.253708040593287, 8780.0], [8.852444444444444, 9.924277907884465, 0.0], [8.852433333333334, 9.627634660421545, 12300.0], [8.950211111111111, 4.318181818181818, 0.0], [9.001055555555556, 2.2917166866746697, 0.0], [8.813311111111112, 12.656518345042935, 0.0], [9.000844444444445, 2.3718026796589524, 0.0], [8.942077777777778, 4.521467603434816, 0.0], [8.88498888888889, 6.560811865729899, 0.0], [9.00158888888889, 2.142857142857143, 0.0], [8.989144444444445, 3.0171740827478533, 0.0], [8.855922222222222, 8.870413739266198, 0.0], [8.897044444444445, 5.780171740827479, 0.0], [8.887044444444445, 6.443715846994536, 0.0], [8.855822222222223, 9.494925839188134, 0.0], [8.870922222222223, 7.5288056206089, 0.0]]}