{"run": 7, "seed": 8, "num_pareto": 66, "hv_final": 304042.5062710922, "pareto_front": [[8.95861111111111, 3.8743169398907105, 0.0], [8.956944444444444, 4.0, 0.0], [8.864022222222221, 9.104605776736925, 0.0], [8.964133333333333, 3.142857142857143, 0.0], [8.87748888888889, 7.9336455893832944, 0.0], [8.889988888888888, 6.95784543325527, 0.0], [8.925677777777778, 5.936888888888889, 0.0], [8.8416, 10.704918032786885, 0.0], [8.890344444444445, 6.939890710382514, 3780.0], [8.820377777777777, 12.42232630757221, 3780.0], [8.82621111111111, 12.42232630757221, 2280.0], [8.7884, 13.0, 680.0], [8.838044444444444, 10.86104605776737, 0.0], [8.925966666666667, 5.804059328649492, 0.0], [8.844555555555555, 10.556596409055425, 0.0], [8.876066666666667, 8.323965651834504, 0.0], [8.8226, 12.42232630757221, 3280.0], [8.815544444444445, 12.617486338797814, 0.0], [8.8474, 9.580796252927401, 12180.0], [8.929333333333334, 4.814207650273224, 0.0], [8.8599, 8.604996096799375, 9680.0], [8.843233333333334, 9.775956284153006, 12680.0], [8.83601111111111, 10.36143637782982, 14180.0], [8.837488888888888, 11.056206088992974, 0.0], [8.859122222222222, 8.644028103044496, 9780.0], [8.827677777777778, 11.142076502732241, 16180.0], [8.788955555555555, 13.0, 0.0], [8.903822222222223, 6.739266198282592, 0.0], [8.8324, 10.75175644028103, 15180.0], [8.931833333333334, 4.591725214676035, 0.0], [8.976577777777777, 3.1243169398907105, 0.0], [8.858044444444445, 9.29976580796253, 0.0], [8.910411111111111, 6.483216237314598, 0.0], [8.879122222222222, 7.277907884465262, 0.0], [8.8524, 9.19047619047619, 11180.0], [8.85748888888889, 9.494925839188134, 0.0], [8.9115, 6.427790788446526, 0.0], [8.851766666666666, 9.885245901639344, 0.0], [8.871677777777778, 7.629195940671351, 7180.0], [8.871855555555555, 8.519125683060109, 0.0], [8.902911111111111, 6.823076923076923, 0.0], [8.865233333333334, 8.058548009367682, 8280.0], [8.86748888888889, 8.714285714285714, 0.0], [8.920411111111111, 6.389539422326307, 0.0], [8.821433333333333, 12.266198282591725, 3380.0], [8.853044444444444, 9.69008587041374, 0.0], [8.894122222222222, 6.939890710382514, 2780.0], [8.886455555555555, 6.939890710382514, 4280.0], [8.872733333333333, 7.473067915690867, 6780.0], [8.860733333333334, 8.40983606557377, 9180.0], [8.848233333333333, 9.385636221701796, 11680.0], [8.824433333333333, 12.032006245121, 2780.0], [8.921266666666666, 5.995316159250586, 0.0], [8.863233333333334, 8.214676034348166, 8680.0], [8.821011111111112, 11.53239656518345, 17180.0], [8.999788888888888, 2.5833333333333335, 0.0], [8.997011111111112, 2.6004611330698286, 0.0], [8.881566666666666, 7.043715846994536, 5680.0], [8.962466666666666, 3.4279210925644916, 0.0], [8.833233333333334, 10.556596409055425, 14680.0], [8.856988888888889, 9.533957845433255, 0.0], [8.8124, 12.31303669008587, 19180.0], [8.823511111111111, 11.337236533957846, 16680.0], [8.8399, 10.166276346604215, 13680.0], [8.989022222222221, 2.898711943793911, 0.0], [8.8549, 8.995316159250585, 10680.0]]}