{"run": 8, "seed": 9, "num_pareto": 27, "hv_final": 299457.5801546826, "pareto_front": [[8.788955555555555, 13.0, 0.0], [8.813555555555556, 12.85167837626854, 0.0], [8.893455555555555, 7.192982456140351, 0.0], [8.931833333333334, 4.6016262047750445, 0.0], [8.7884, 13.0, 680.0], [8.962466666666666, 2.888888888888889, 0.0], [8.845588888888889, 9.042154566744731, 0.0], [8.907533333333333, 6.114754098360656, 0.0], [8.91558888888889, 5.529274004683841, 0.0], [8.92381111111111, 4.814207650273224, 0.0], [8.91158888888889, 5.802498048399688, 0.0], [8.884588888888889, 7.39656518345043, 0.0], [8.826088888888888, 10.56440281030445, 0.0], [8.895255555555556, 7.012490241998439, 0.0], [8.947088888888889, 3.563934426229508, 0.0], [8.956666666666667, 3.5472287275565964, 0.0], [8.937911111111111, 4.591725214676035, 0.0], [8.961666666666666, 3.3520686963309916, 0.0], [8.96, 3.3663153786104605, 0.0], [8.911922222222222, 5.646370023419204, 0.0], [8.930911111111111, 4.7650273224043715, 0.0], [8.899722222222222, 6.842310694769711, 0.0], [8.846644444444445, 8.65183450429352, 0.0], [8.856555555555556, 7.668227946916471, 0.0], [8.84131111111111, 9.198282591725215, 0.0], [8.825866666666666, 11.188914910226385, 0.0], [8.904144444444444, 6.270882123341139, 0.0]]}