{"run": 9, "seed": 10, "num_pareto": 55, "hv_final": 313436.80992114684, "pareto_front": [[8.95861111111111, 3.8743169398907105, 0.0], [8.956944444444444, 4.0, 0.0], [8.989022222222221, 2.942667987749955, 0.0], [8.819111111111111, 10.634660421545668, 0.0], [8.928277777777778, 4.85632183908046, 0.0], [8.969388888888888, 3.478386167146974, 0.0], [8.9335, 4.591725214676035, 0.0], [8.976577777777777, 3.1682729838467543, 0.0], [9.00158888888889, 2.288469346325619, 0.0], [8.855644444444444, 8.182539682539682, 0.0], [8.962133333333334, 3.854343054248981, 0.0], [8.864511111111112, 7.090554254488681, 0.0], [8.867011111111111, 6.939890710382514, 0.0], [8.8659, 7.012490241998439, 0.0], [8.966022222222222, 3.7568093385214008, 0.0], [8.9688, 3.6198903290129607, 0.0], [8.991244444444444, 2.7865399627694707, 0.0], [8.923833333333333, 5.0, 0.0], [8.857944444444444, 7.949258391881343, 0.0], [8.821, 10.40046838407494, 0.0], [8.800166666666666, 12.156908665105387, 0.0], [8.858122222222223, 7.676034348165496, 0.0], [8.796, 12.352068696330992, 280.0], [8.789333333333333, 13.0, 0.0], [8.796711111111112, 12.352068696330992, 0.0], [8.788622222222223, 13.0, 280.0], [8.8335, 9.424668227946917, 0.0], [8.859122222222222, 7.597970335675254, 0.0], [8.8485, 8.253708040593287, 0.0], [8.831, 9.619828259172522, 0.0], [8.820166666666667, 10.595628415300547, 0.0], [8.82311111111111, 10.291178766588603, 0.0], [8.885244444444444, 6.744730679156909, 0.0], [8.850111111111111, 8.18345042935207, 0.0], [8.860166666666666, 7.473067915690867, 0.0], [8.828222222222223, 10.010148321623731, 0.0], [8.971577777777778, 3.4759713701431494, 0.0], [8.888422222222221, 5.49648711943794, 0.0], [8.80181111111111, 12.047619047619047, 0.0], [8.8085, 11.376268540202966, 0.0], [8.82681111111111, 10.096018735362998, 0.0], [8.872477777777778, 6.842310694769711, 0.0], [8.870444444444445, 6.888, 0.0], [8.837666666666667, 9.229508196721312, 0.0], [8.900211111111112, 5.115846994535519, 0.0], [8.974355555555556, 3.3245015739769146, 0.0], [8.815722222222222, 10.985948477751757, 0.0], [8.816, 10.790788446526152, 0.0], [8.812666666666667, 11.181108508977362, 0.0], [8.8285, 9.814988290398126, 0.0], [8.847666666666667, 8.448868071818891, 0.0], [8.843777777777778, 8.644028103044496, 0.0], [8.825166666666666, 10.205308352849336, 0.0], [8.807277777777777, 11.657298985167838, 0.0], [8.9767, 3.040983606557377, 0.0]]}