{"run": 4, "seed": 5, "num_pareto": 46, "hv_final": 315759.45650399564, "pareto_front": [[8.7884, 13.0, 680.0], [8.818988888888889, 10.679156908665107, 0.0], [8.79641111111111, 13.0, 0.0], [8.931833333333334, 4.591725214676035, 0.0], [8.969577777777777, 3.0988805970149254, 0.0], [9.00158888888889, 2.1666666666666665, 0.0], [8.905766666666667, 4.965846994535519, 0.0], [8.993322222222222, 2.9584929757343548, 0.0], [8.83838888888889, 9.447501951600312, 0.0], [8.876211111111111, 6.770491803278689, 0.0], [8.867555555555555, 8.48711943793911, 0.0], [8.940188888888889, 3.7923497267759565, 0.0], [8.998033333333334, 2.591633466135458, 0.0], [8.965677777777778, 3.11943793911007, 0.0], [8.814766666666667, 11.2256049960968, 0.0], [8.90921111111111, 4.926373310324992, 0.0], [8.801311111111112, 12.617486338797814, 0.0], [8.996922222222222, 2.9384057971014492, 0.0], [8.949922222222222, 3.163934426229508, 0.0], [8.972277777777778, 3.0, 0.0], [9.001366666666666, 2.5804263565891477, 0.0], [8.934022222222222, 4.241217798594848, 0.0], [8.940911111111111, 3.7103825136612025, 0.0], [8.90171111111111, 5.049180327868852, 0.0], [8.937577777777777, 3.967993754879001, 0.0], [8.941244444444445, 3.6557377049180326, 0.0], [8.8081, 11.811085089773615, 0.0], [8.807377777777777, 12.045277127244342, 0.0], [8.850711111111112, 8.76112412177986, 0.0], [8.803577777777777, 12.34192037470726, 0.0], [8.806322222222223, 12.318501170960188, 0.0], [8.853811111111112, 8.519125683060109, 0.0], [8.886711111111111, 5.950819672131147, 0.0], [8.80648888888889, 12.31303669008587, 0.0], [8.818488888888888, 10.718188914910227, 0.0], [8.832711111111111, 10.166276346604215, 0.0], [8.89021111111111, 5.715846994535519, 0.0], [8.9106, 4.715846994535519, 0.0], [8.875211111111112, 6.848555815768931, 0.0], [8.981144444444444, 2.962919594067135, 0.0], [8.81498888888889, 10.991412958626075, 0.0], [8.819766666666666, 10.640124902419986, 0.0], [8.843211111111112, 9.346604215456674, 0.0], [8.90071111111111, 5.115846994535519, 0.0], [8.867711111111111, 7.434035909445745, 0.0], [8.817877777777777, 10.874316939890711, 0.0]]}