{
  "problem": "MOMKP (N=120, 4 capacities, 3 objectives)",
  "ref_point": [
    1.0,
    1.0,
    1.0
  ],
  "budget": 25000,
  "seeds": [
    1,
    2,
    3,
    4,
    5,
    6,
    7,
    8,
    9,
    10,
    11,
    12,
    13,
    14,
    15,
    16,
    17,
    18,
    19,
    20,
    21,
    22,
    23,
    24,
    25,
    26,
    27,
    28,
    29,
    30
  ],
  "methods": {
    "NSGA-II (real-coded)": {
      "encoding": "random key",
      "paradigm": "GA",
      "per_run_hv": [
        0.18202539581821547,
        0.19364184512594737,
        0.20015066195941134,
        0.18880944451105142,
        0.19810222947511985,
        0.18880807647826323,
        0.19859843166778948,
        0.21803632488779004,
        0.19406585985538968,
        0.19685096750264075,
        0.18220386898242685,
        0.18717513314636056,
        0.19326897970824178,
        0.19581387978225612,
        0.18547118180323466,
        0.18446445852492857,
        0.19639453842934448,
        0.18552338691159587,
        0.20939477725770878,
        0.19729792627768025,
        0.20534716784441231,
        0.21017178758052063,
        0.1932698065688586,
        0.18829235331551591,
        0.19298518574987408,
        0.20514864157308635,
        0.1944429421455761,
        0.2010283297964721,
        0.18908071933417336,
        0.19469299963693748
      ],
      "hv_mean": 0.19501857672169412,
      "hv_std": 0.008425450304249602,
      "cv": 0.043203321682904805,
      "combined_hv": 0.22448312531877507,
      "combined_sols": 75
    },
    "Random restart": {
      "encoding": "random key",
      "paradigm": "---",
      "per_run_hv": [
        0.19656551862433758,
        0.19606546401579858,
        0.19616558855648325,
        0.19798834679670835,
        0.1992378593825804,
        0.20228056797370297,
        0.19452002143690345,
        0.20151672453379024,
        0.1968862725253654,
        0.2032827421019688,
        0.196321051583042,
        0.1973063470196127,
        0.20086779409489916,
        0.19584913107493784,
        0.19487136152060194,
        0.20019919803083444,
        0.2021745045645857,
        0.2022509471433666,
        0.2020327059045855,
        0.1997866557777103,
        0.1998784382068098,
        0.19389544726169772,
        0.19574513609939664,
        0.1915407065240419,
        0.20023202401014928,
        0.19890689895606928,
        0.19747492389453133,
        0.20393843255844818,
        0.19578239566300637,
        0.1956482880240341
      ],
      "hv_mean": 0.19830704979533337,
      "hv_std": 0.003079617455684048,
      "cv": 0.015529540976291195,
      "combined_hv": 0.21686841060046663,
      "combined_sols": 74
    },
    "MOHHO (real-coded)": {
      "encoding": "random key",
      "paradigm": "swarm",
      "per_run_hv": [
        0.20540282117538916,
        0.22086284779888155,
        0.20279284024079394,
        0.20976358016302624,
        0.20110199334230885,
        0.2204630964754058,
        0.22083387528349896,
        0.22415087128522249,
        0.22854496177098155,
        0.21542846718410705,
        0.20865976423574079,
        0.23360091377723158,
        0.20705621876282976,
        0.22351063161666457,
        0.21530378469977102,
        0.20261186089571917,
        0.207773793177595,
        0.20461816659373763,
        0.21044076429047934,
        0.22941957021670878,
        0.22562089089975806,
        0.2362341370033922,
        0.20683180759463715,
        0.22793810072170337,
        0.22223660566025655,
        0.22852738359835784,
        0.20475904352260857,
        0.21413128936119324,
        0.2152247472714535,
        0.224384497187819
      ],
      "hv_mean": 0.21660764419357575,
      "hv_std": 0.010067624958297005,
      "cv": 0.046478622653316294,
      "combined_hv": 0.2476258069290794,
      "combined_sols": 84
    },
    "Discrete-MOHHO": {
      "encoding": "permutation",
      "paradigm": "swarm",
      "per_run_hv": [
        0.24062262181493224,
        0.24954046277401018,
        0.24754623907291612,
        0.2579888776431859,
        0.24260663582391911,
        0.24628400449556634,
        0.24292695495838837,
        0.23675832771833652,
        0.24568364862757788,
        0.24623673138142882,
        0.23454345919877506,
        0.2450404935721498,
        0.26114410788624737,
        0.2417367444618593,
        0.24055847185202325,
        0.24356154838596808,
        0.23422900985033884,
        0.24174923408788848,
        0.23042346205893297,
        0.23790069012452653,
        0.25334335584809914,
        0.25149523884492037,
        0.24719422775470204,
        0.24899571130176262,
        0.24627691705291738,
        0.23750660126296358,
        0.24103940990809447,
        0.22935944071867945,
        0.2322196639754708,
        0.2379696151222425
      ],
      "hv_mean": 0.24308273025262747,
      "hv_std": 0.007397306108024843,
      "cv": 0.030431228497133787,
      "combined_hv": 0.27449385066722215,
      "combined_sols": 122
    },
    "perm-MOEA/D": {
      "encoding": "permutation",
      "paradigm": "decomp.",
      "per_run_hv": [
        0.24455946958775326,
        0.23239833589981554,
        0.20977594505997238,
        0.23184990266644284,
        0.21383507653225,
        0.24563401888183709,
        0.22878574808639446,
        0.23595167836030623,
        0.239123879745736,
        0.2238248991919171,
        0.22649759684918117,
        0.23989227920098066,
        0.23088561584650547,
        0.23965424905023122,
        0.24206997314937334,
        0.2185570671685833,
        0.24640661624187032,
        0.23480195819140356,
        0.217387586814888,
        0.2323904555255782,
        0.2276397806968877,
        0.2326811078848194,
        0.23238741894803877,
        0.21589913338224465,
        0.23937586523667456,
        0.22979544195274743,
        0.22512855186640235,
        0.23368894728265252,
        0.2350615033205308,
        0.23162170511994976
      ],
      "hv_mean": 0.2312520602580656,
      "hv_std": 0.009229891970747355,
      "cv": 0.03991269076888336,
      "combined_hv": 0.2616962652137548,
      "combined_sols": 92
    },
    "perm-NSGA-II": {
      "encoding": "permutation",
      "paradigm": "GA",
      "per_run_hv": [
        0.27351634380370654,
        0.25542306263396397,
        0.2628710923154335,
        0.2553653575326474,
        0.264045504727454,
        0.2479528663226696,
        0.25430481644662767,
        0.25944839160807676,
        0.25423957898559973,
        0.26129858280116397,
        0.2526314443984451,
        0.2570160558905522,
        0.250703923798822,
        0.2540408467491094,
        0.2546947229897299,
        0.2555399143940325,
        0.24526934649439863,
        0.256424964807573,
        0.2689077551888211,
        0.2552605421579405,
        0.2585009367208513,
        0.2566419854410601,
        0.25694427942176884,
        0.2640463116460328,
        0.26597956070667655,
        0.2533327818564296,
        0.2551716695452735,
        0.2565396863464391,
        0.2527594928565085,
        0.25591838673914524
      ],
      "hv_mean": 0.2571596735108984,
      "hv_std": 0.005799449850769257,
      "cv": 0.022551941257319557,
      "combined_hv": 0.2826289730724947,
      "combined_sols": 110
    }
  },
  "elapsed_s": 1321.083328962326
}