{
  "mohho_hv": [
    297177.54894451273,
    312604.2493547292,
    296563.8242771536,
    297710.7980061675,
    315759.45650399564,
    296222.6944401076,
    296938.58118985425,
    304042.5062710922,
    299457.5801546826,
    313436.80992114684,
    299068.2112251425,
    311254.6211578472,
    308492.1758860164,
    294530.6847178953,
    309842.93085413275,
    300703.9019056392,
    298111.98450349126,
    298943.22509678156,
    314020.6996622759,
    314453.7705150725,
    296362.89617658744,
    295523.34097241005,
    295054.86393480055,
    298237.4706135962,
    311296.2792846757,
    302974.72008697706,
    311939.78618253156,
    299009.9329577902,
    296963.52326473634,
    295983.61366150633
  ],
  "mohho_seeds": [
    1,
    2,
    3,
    4,
    5,
    6,
    7,
    8,
    9,
    10,
    11,
    12,
    13,
    14,
    15,
    16,
    17,
    18,
    19,
    20,
    21,
    22,
    23,
    24,
    25,
    26,
    27,
    28,
    29,
    30
  ],
  "nsga2_hv": [
    294218.8266447651,
    312307.1761075943,
    293706.8531119958,
    286379.8893041057,
    297129.21151139966,
    291039.00774602545,
    299229.58375505253,
    289737.0333225779,
    295438.1409680735,
    298858.4895121393,
    298423.6648784804,
    274859.38797504414,
    275761.5830826586,
    297001.4163258518,
    293330.8827494624,
    293903.86295428924,
    284689.179174304,
    295046.72747656,
    283862.7755877449,
    296304.18164838885,
    296487.6900136591,
    294101.76876153913,
    297266.52739371854,
    295129.1597043976,
    297440.20976352127,
    294144.7861842069,
    289819.51930790173,
    291773.11585125857,
    295207.20624191634,
    298415.1259774648
  ],
  "mannwhitney_U": 764.0,
  "p_one_sided": 1.7854004393958114e-06,
  "A12": 0.8488888888888889,
  "ranksum_p_two_sided": 3.4453611315208247e-06
}