{
  "budget": {
    "pop": 50,
    "gen": 500,
    "evals": 25000,
    "seeds": [
      1,
      2,
      3,
      4,
      5,
      6,
      7,
      8,
      9,
      10,
      11,
      12,
      13,
      14,
      15,
      16,
      17,
      18,
      19,
      20,
      21,
      22,
      23,
      24,
      25,
      26,
      27,
      28,
      29,
      30
    ]
  },
  "competent_cfg": {
    "pm": 0.15,
    "use_sbx": true
  },
  "structures": {
    "visa": {
      "avg_rank": {
        "NSGA-II (real-coded)": 6.766666666666667,
        "MOHHO (real-coded)": 5.633333333333334,
        "competent MO-HHO (rk)": 2.2333333333333334,
        "Random restart": 5.0,
        "perm-NSGA-II": 2.1333333333333333,
        "perm-MOEA/D": 3.2666666666666666,
        "Discrete-MOHHO": 2.966666666666667
      },
      "competent_rank": null,
      "note": "from ladder_v5 (7 methods)"
    },
    "knapsack": {
      "avg_rank": {
        "NSGA-II (real-coded)": 6.766666666666667,
        "Random restart": 6.233333333333333,
        "MOHHO (real-coded)": 4.933333333333334,
        "Discrete-MOHHO": 3.066666666666667,
        "perm-MOEA/D": 3.8666666666666667,
        "perm-NSGA-II": 2.0,
        "competent MO-HHO (rk)": 1.1333333333333333
      },
      "competent_hv_mean": 0.2715670018419201
    },
    "TSP": {
      "avg_rank": {
        "NSGA-II (real-coded)": 3.0,
        "Random restart": 7.0,
        "MOHHO (real-coded)": 5.533333333333333,
        "Discrete-MOHHO": 4.0,
        "perm-MOEA/D": 1.0,
        "perm-NSGA-II": 2.0,
        "competent MO-HHO (rk)": 5.466666666666667
      },
      "competent_hv_mean": 0.3284729295635006
    },
    "flow-shop": {
      "avg_rank": {
        "NSGA-II (real-coded)": 3.3666666666666667,
        "Random restart": 6.933333333333334,
        "MOHHO (real-coded)": 6.066666666666666,
        "Discrete-MOHHO": 3.2333333333333334,
        "perm-MOEA/D": 3.6,
        "perm-NSGA-II": 2.2666666666666666,
        "competent MO-HHO (rk)": 2.533333333333333
      },
      "competent_hv_mean": 0.753879010974407
    }
  },
  "sanity_recomputed_6method_ranks": {
    "knapsack": {
      "NSGA-II (real-coded)": 5.766666666666667,
      "Random restart": 5.233333333333333,
      "MOHHO (real-coded)": 3.933333333333333,
      "Discrete-MOHHO": 2.1,
      "perm-MOEA/D": 2.8666666666666667,
      "perm-NSGA-II": 1.1
    },
    "TSP": {
      "NSGA-II (real-coded)": 3.0,
      "Random restart": 6.0,
      "MOHHO (real-coded)": 5.0,
      "Discrete-MOHHO": 4.0,
      "perm-MOEA/D": 1.0,
      "perm-NSGA-II": 2.0
    },
    "flow-shop": {
      "NSGA-II (real-coded)": 2.7333333333333334,
      "Random restart": 5.933333333333334,
      "MOHHO (real-coded)": 5.066666666666666,
      "Discrete-MOHHO": 2.6333333333333333,
      "perm-MOEA/D": 2.8333333333333335,
      "perm-NSGA-II": 1.8
    }
  },
  "placement": {
    "visa": {
      "competent_position_of_7": 2,
      "best_method": "perm-NSGA-II",
      "perm_native_still_best": true,
      "competent_avg_rank": 2.233
    },
    "knapsack": {
      "competent_position_of_7": 1,
      "best_method": "competent MO-HHO (rk)",
      "perm_native_still_best": false,
      "competent_avg_rank": 1.133
    },
    "TSP": {
      "competent_position_of_7": 5,
      "best_method": "perm-MOEA/D",
      "perm_native_still_best": true,
      "competent_avg_rank": 5.467
    },
    "flow-shop": {
      "competent_position_of_7": 2,
      "best_method": "perm-NSGA-II",
      "perm_native_still_best": true,
      "competent_avg_rank": 2.533
    }
  },
  "elapsed_s": 958.4
}