{
  "num_runs": 30,
  "pop_size": 50,
  "max_iter": 500,
  "archive_size": 100,
  "baseline": {
    "f1": 8.7891,
    "f2": 13.0,
    "f3": 1940.0
  },
  "combined_pareto_size": 104,
  "hv_stats": {
    "mean": 302756.0893907783,
    "std": 7137.872751123842,
    "min": 294530.6847178953,
    "max": 315759.45650399564
  },
  "best_f1": [
    8.7884,
    13.0,
    680.0
  ],
  "best_f2": [
    8.9994,
    2.0,
    0.0
  ],
  "best_f3": [
    8.996089,
    2.460291,
    0.0
  ],
  "hv_ref_point": [
    10.0,
    16.0,
    20000.0
  ]
}