{
  "design": "L9(3^4) Taguchi orthogonal array",
  "response": "hypervolume (larger-the-better S/N)",
  "reps_per_config": 12,
  "replicate_seeds": [
    200,
    201,
    202,
    203,
    204,
    205,
    206,
    207,
    208,
    209,
    210,
    211
  ],
  "levels": {
    "A_pop": [
      30,
      50,
      70
    ],
    "B_iter": [
      100,
      300,
      500
    ],
    "C_archive": [
      50,
      100,
      150
    ],
    "D_beta": [
      1.3,
      1.5,
      1.7
    ]
  },
  "l9_array": [
    [
      1,
      1,
      1,
      1
    ],
    [
      1,
      2,
      2,
      2
    ],
    [
      1,
      3,
      3,
      3
    ],
    [
      2,
      1,
      2,
      3
    ],
    [
      2,
      2,
      3,
      1
    ],
    [
      2,
      3,
      1,
      2
    ],
    [
      3,
      1,
      3,
      2
    ],
    [
      3,
      2,
      1,
      3
    ],
    [
      3,
      3,
      2,
      1
    ]
  ],
  "runs": [
    {
      "run": 1,
      "levels": [
        1,
        1,
        1,
        1
      ],
      "config": {
        "N": 30,
        "T": 100,
        "archive": 50,
        "beta": 1.3
      },
      "hv_mean": 289569.5333992642,
      "hv_std": 9890.727188982126,
      "hv_min": 274458.5792034002,
      "hv_max": 310379.00895258,
      "sn": 109.22004375681388,
      "hv": [
        288905.13688203326,
        291728.54335135815,
        292476.5379836347,
        302561.0332550782,
        287408.18485074135,
        310379.00895258,
        291821.75012258755,
        287354.79575009726,
        275982.6870576807,
        278677.69223200955,
        274458.5792034002,
        293080.45114996965
      ]
    },
    {
      "run": 2,
      "levels": [
        1,
        2,
        2,
        2
      ],
      "config": {
        "N": 30,
        "T": 300,
        "archive": 100,
        "beta": 1.5
      },
      "hv_mean": 295877.9735275671,
      "hv_std": 4984.540089428157,
      "hv_min": 288057.9993501027,
      "hv_max": 308628.6381267144,
      "sn": 109.4186506207713,
      "hv": [
        295886.56896881555,
        295745.19164652476,
        308628.6381267144,
        293597.67349114636,
        288057.9993501027,
        293986.83666592883,
        302583.2130729946,
        294843.33437630784,
        294292.5705742042,
        294278.4133809477,
        292121.0154844519,
        296514.2271926663
      ]
    },
    {
      "run": 3,
      "levels": [
        1,
        3,
        3,
        3
      ],
      "config": {
        "N": 30,
        "T": 500,
        "archive": 150,
        "beta": 1.7
      },
      "hv_mean": 292330.5915286005,
      "hv_std": 9530.16435931818,
      "hv_min": 275694.54532069404,
      "hv_max": 307723.58070511033,
      "sn": 109.30353614925572,
      "hv": [
        289139.9830111603,
        296389.90417998534,
        294815.3045794915,
        294627.2244207141,
        292562.17969562946,
        307370.82955652,
        307723.58070511033,
        275694.54532069404,
        280982.9601378674,
        279255.3125802445,
        295347.87692450435,
        294057.3972312847
      ]
    },
    {
      "run": 4,
      "levels": [
        2,
        1,
        2,
        3
      ],
      "config": {
        "N": 50,
        "T": 100,
        "archive": 100,
        "beta": 1.7
      },
      "hv_mean": 292783.213393522,
      "hv_std": 7170.36243522828,
      "hv_min": 276645.91396518005,
      "hv_max": 309289.0306049548,
      "sn": 109.32308980752346,
      "hv": [
        293235.1140808458,
        295327.0488237001,
        294214.63939627475,
        288812.87307231035,
        309289.0306049548,
        295071.5839391101,
        290772.82309603103,
        276645.91396518005,
        291552.28027555096,
        294383.0333877247,
        296800.5410973464,
        287293.67898323515
      ]
    },
    {
      "run": 5,
      "levels": [
        2,
        2,
        3,
        1
      ],
      "config": {
        "N": 50,
        "T": 300,
        "archive": 150,
        "beta": 1.3
      },
      "hv_mean": 297195.86122213403,
      "hv_std": 9890.27655411527,
      "hv_min": 277865.9668254844,
      "hv_max": 314858.5428181394,
      "sn": 109.44646174866264,
      "hv": [
        309755.9610401207,
        299815.4679222409,
        294927.576137759,
        309987.1022452543,
        299390.3108354216,
        314858.5428181394,
        291670.8812039811,
        289960.89077140624,
        290628.1621823229,
        294040.7829019778,
        293448.6897815007,
        277865.9668254844
      ]
    },
    {
      "run": 6,
      "levels": [
        2,
        3,
        1,
        2
      ],
      "config": {
        "N": 50,
        "T": 500,
        "archive": 50,
        "beta": 1.5
      },
      "hv_mean": 300827.76864087646,
      "hv_std": 6488.704761779758,
      "hv_min": 292602.96251461806,
      "hv_max": 311362.46748722985,
      "sn": 109.56037403595886,
      "hv": [
        294545.8673875824,
        309733.36134709674,
        310044.74105274276,
        311362.46748722985,
        297043.3452466562,
        298056.87485948694,
        305627.362254797,
        302960.5962646949,
        294764.94107447885,
        297194.6725636248,
        292602.96251461806,
        295996.03163750906
      ]
    },
    {
      "run": 7,
      "levels": [
        3,
        1,
        3,
        2
      ],
      "config": {
        "N": 70,
        "T": 100,
        "archive": 150,
        "beta": 1.5
      },
      "hv_mean": 301440.51728237065,
      "hv_std": 8356.924150594054,
      "hv_min": 287527.5771181729,
      "hv_max": 312549.18452522624,
      "sn": 109.57396160891182,
      "hv": [
        296785.19228433655,
        293106.7534669327,
        312148.0996829031,
        312549.18452522624,
        293261.47496683284,
        300117.6023677777,
        306183.7808778272,
        304318.80893431266,
        292224.24340339773,
        287527.5771181729,
        309577.62739226595,
        309485.8623684622
      ]
    },
    {
      "run": 8,
      "levels": [
        3,
        2,
        1,
        3
      ],
      "config": {
        "N": 70,
        "T": 300,
        "archive": 50,
        "beta": 1.7
      },
      "hv_mean": 302605.576840892,
      "hv_std": 9919.336932539854,
      "hv_min": 278298.4029087092,
      "hv_max": 313987.80559006124,
      "sn": 109.60288924218274,
      "hv": [
        300483.9004576298,
        298659.68435725354,
        298224.1113824178,
        310128.9740082116,
        293484.8339567377,
        313987.80559006124,
        278298.4029087092,
        307635.974862426,
        313664.5096935976,
        297581.59903193323,
        307136.4203876499,
        311980.7054540771
      ]
    },
    {
      "run": 9,
      "levels": [
        3,
        3,
        2,
        1
      ],
      "config": {
        "N": 70,
        "T": 500,
        "archive": 100,
        "beta": 1.3
      },
      "hv_mean": 306459.2325709968,
      "hv_std": 7742.355002104051,
      "hv_min": 294532.55774775555,
      "hv_max": 317481.3046878875,
      "sn": 109.71906583453729,
      "hv": [
        294532.55774775555,
        295318.88642917864,
        311825.74753364717,
        310636.9990518107,
        317481.3046878875,
        314795.8838403087,
        307263.41615952825,
        309788.1416142096,
        298243.5617409076,
        298792.6192786942,
        303927.1553923152,
        314904.5173757177
      ]
    }
  ],
  "grand_mean_sn": 109.46311920051308,
  "grand_mean_hv": 297676.69648958044,
  "response_sn": {
    "A_pop": [
      109.3140768422803,
      109.44330853071499,
      109.63197222854394
    ],
    "B_iter": [
      109.37236505774972,
      109.48933387053889,
      109.52765867325063
    ],
    "C_archive": [
      109.46110234498515,
      109.48693542094401,
      109.44131983561006
    ],